-- phpMyAdmin SQL Dump
-- version 4.8.0.1
-- https://www.phpmyadmin.net/
--
-- Host: 172.18.111.36:3306
-- Generation Time: Jun 04, 2018 at 09:42 AM
-- Server version: 5.7.18-ndb-7.6.3-cluster-gpl-log
-- PHP Version: 7.0.30-0ubuntu0.16.04.1

SET SQL_MODE = "NO_AUTO_VALUE_ON_ZERO";
SET AUTOCOMMIT = 0;
START TRANSACTION;
SET time_zone = "+00:00";


/*!40101 SET @OLD_CHARACTER_SET_CLIENT=@@CHARACTER_SET_CLIENT */;
/*!40101 SET @OLD_CHARACTER_SET_RESULTS=@@CHARACTER_SET_RESULTS */;
/*!40101 SET @OLD_COLLATION_CONNECTION=@@COLLATION_CONNECTION */;
/*!40101 SET NAMES utf8mb4 */;

--
-- Database: `onlinetest`
--

-- --------------------------------------------------------

--
-- Table structure for table `administrator`
--

CREATE TABLE `administrator` (
  `adm_name` varchar(50) DEFAULT NULL,
  `adm_id` varchar(10) DEFAULT NULL,
  `adm_pwd` varchar(10) DEFAULT NULL
) ENGINE=ndbcluster DEFAULT CHARSET=utf8;

--
-- Dumping data for table `administrator`
--

INSERT INTO `administrator` (`adm_name`, `adm_id`, `adm_pwd`) VALUES
('Marvin Mark', 'admin', 'admin');

-- --------------------------------------------------------

--
-- Table structure for table `choice`
--

CREATE TABLE `choice` (
  `choice_id` mediumint(8) UNSIGNED NOT NULL,
  `ques_id` smallint(5) UNSIGNED DEFAULT NULL,
  `choice_detail` varchar(250) DEFAULT NULL,
  `answer` set('yes','no') DEFAULT NULL
) ENGINE=ndbcluster DEFAULT CHARSET=utf8;

--
-- Dumping data for table `choice`
--

INSERT INTO `choice` (`choice_id`, `ques_id`, `choice_detail`, `answer`) VALUES
(80, 20, 'Immedia', 'no'),
(380, 95, 'static memory device', 'yes'),
(320, 80, '16', 'no'),
(332, 83, 'send interrupt mask', 'no'),
(112, 28, 'image viewer', 'no'),
(437, 110, 'stylus pen', 'no'),
(294, 74, 'special punctuation', 'no'),
(534, 134, 'Google sites', 'no'),
(538, 135, 'ช่องทำเครื่องหมาย (checkboxes)', 'yes'),
(341, 86, 'non-weighted', 'no'),
(146, 37, 'on-line devices', 'yes'),
(274, 69, 'column grid', 'no'),
(579, 145, 'หลายตัวเลือก (multiple Choice)', 'yes'),
(247, 62, 'package', 'no'),
(599, 150, 'ทำให้หน้าเว็บมีสีสันที่สวยงาม ', 'no'),
(133, 34, 'control unit', 'no'),
(436, 109, 'system software', 'no'),
(314, 79, '8', 'no'),
(242, 61, 'software houses', 'yes'),
(139, 35, 'signaled devices', 'no'),
(141, 36, 'backing store', 'yes'),
(426, 107, 'output', 'yes'),
(241, 61, 'library house', 'no'),
(527, 132, '20/2/2006', 'no'),
(43, 11, 'microprocessor', 'no'),
(87, 22, 'ackage software', 'no'),
(165, 42, 'mini frame medium', 'no'),
(289, 73, 'cache', 'yes'),
(177, 45, 'AND gate devices', 'no'),
(302, 76, 'INTR', 'no'),
(73, 19, 'storage device', 'no'),
(142, 36, 'peripherals', 'no'),
(108, 27, 'peripheral device', 'no'),
(148, 37, 'IF gate device', 'no'),
(77, 20, 'Infinite Memory Engine', 'no'),
(423, 106, 'indirect input', 'yes'),
(159, 40, 'immediate access store', 'no'),
(418, 105, '3', 'no'),
(254, 64, 'mainframe computers', 'yes'),
(244, 61, 'directory houses', 'no'),
(266, 67, 'function program', 'no'),
(443, 111, 'surat', 'no'),
(76, 19, 'pointing device', 'no'),
(566, 142, 'Weather', 'no'),
(120, 30, 'mouse', 'no'),
(285, 72, 'RS-246', 'no'),
(70, 18, 'RWM', 'no'),
(395, 99, 'input device', 'yes'),
(362, 91, 'RAM', 'no'),
(20, 5, 'heads', 'no'),
(353, 89, 'symmetric multiple processors', 'yes'),
(325, 82, '1111', 'no'),
(278, 70, 'file inquiry', 'no'),
(517, 130, '36.59 USD', 'no'),
(286, 72, 'RS-LNK', 'no'),
(370, 93, 'sequoia', 'no'),
(188, 47, 'circuit network', 'no'),
(79, 20, 'Inside MicroSoft Excel', 'no'),
(115, 29, 'firmware', 'yes'),
(331, 83, 'set interrupt mask', 'yes'),
(72, 18, 'SAM', 'yes'),
(91, 23, 'system testing', 'no'),
(406, 102, 'data base software', 'no'),
(138, 35, 'digital devices', 'no'),
(215, 54, 'specialized program', 'no'),
(189, 48, 'mainframe computers', 'yes'),
(309, 78, 'ROM', 'no'),
(288, 72, 'RST 3', 'no'),
(386, 97, 'Optical Card Reader', 'no'),
(123, 31, 'Read Arithmetic Memory', 'no'),
(300, 75, 'map register', 'no'),
(311, 78, 'flash memory', 'no'),
(237, 60, 'robust', 'yes'),
(125, 32, 'input devices', 'no'),
(205, 52, 'database packages', 'no'),
(576, 144, 'ค้นหาคำว่า “ปลากัดไทย” และเลือกเมนู เครื่องมือและสี ตามลำดับ', 'no'),
(210, 53, 'application programs', 'yes'),
(529, 133, 'การออกกำลังกาย', 'no'),
(281, 71, 'G5', 'yes'),
(551, 138, 'ในเว็บไซต์ใด ๆ มีหน้าเว็บเพจได้เพียงหน้าเดียว', 'no'),
(50, 13, 'sequoia', 'no'),
(55, 14, '4', 'no'),
(187, 47, 'logical gate', 'no'),
(107, 27, 'storage device', 'no'),
(556, 139, 'of architecture', 'no'),
(382, 96, '4 bits', 'no'),
(93, 24, 'speech-recognition', 'yes'),
(405, 102, 'system software', 'yes'),
(591, 148, 'Twitter', 'no'),
(240, 60, 'stable functioning', 'no'),
(265, 67, 'utility programs', 'yes'),
(558, 140, 'ปฏิทินการศึกษา site: www.pn.psu.ac.th', 'yes'),
(372, 93, 'mira', 'no'),
(522, 131, 'IBM computer 1990', 'no'),
(444, 111, 'krabi', 'no'),
(152, 38, 'central processing unit', 'no'),
(200, 50, 'bugs', 'no'),
(178, 45, 'OR gate devices', 'no'),
(168, 42, 'medium', 'yes'),
(303, 76, 'RST 7.5', 'no'),
(299, 75, 'register block', 'no'),
(16, 4, 'servers', 'no'),
(69, 18, 'RAM', 'no'),
(384, 96, '10 bits', 'no'),
(520, 130, '36.59 USD in baht', 'yes'),
(228, 57, 'log out', 'yes'),
(400, 100, 'Immedia', 'no'),
(117, 30, 'stylus pen', 'no'),
(238, 60, 'reliable', 'no'),
(90, 23, 'isolation testing', 'no'),
(136, 34, 'all of above', 'yes'),
(149, 38, 'quantitative unit', 'no'),
(408, 102, 'application software', 'no'),
(248, 62, 'database', 'no'),
(379, 95, 'flash device', 'no'),
(113, 29, 'desktop', 'no'),
(111, 28, 'scanner', 'no'),
(337, 85, 'flip flops', 'no'),
(422, 106, 'command', 'no'),
(383, 96, '1024 bits', 'no'),
(359, 90, '15', 'no'),
(221, 56, 'library program', 'yes'),
(595, 149, 'แทรกตาราง', 'yes'),
(84, 21, 'pages', 'no'),
(132, 33, 'truth table peripherals', 'no'),
(533, 134, 'Google forms', 'yes'),
(197, 50, 'hardware\n', 'yes'),
(225, 57, 'log in', 'no'),
(590, 148, 'Facebook', 'no'),
(597, 150, 'ทำให้สามารถเชื่อมโยงไปยังหน้าเว็บอื่นได้', 'yes'),
(51, 13, 'cori', 'no'),
(342, 86, 'same thing as binary numbers', 'no'),
(151, 38, 'arithmetic and logical unit', 'yes'),
(531, 133, 'การออกกำลงกาย filetype: ppt', 'yes'),
(97, 25, '2', 'yes'),
(54, 14, '3', 'yes'),
(179, 45, 'off-line devices', 'yes'),
(555, 139, '+architecture', 'no'),
(259, 65, 'robust', 'no'),
(118, 30, 'character-recognition device', 'yes'),
(224, 56, 'directory library', 'no'),
(571, 143, 'Leonardo da Vinci', 'no'),
(59, 15, 'flash device', 'no'),
(181, 46, 'DC devices', 'no'),
(583, 146, 'หลายตัวเลือก (multiple choices)', 'no'),
(562, 141, 'distance learning filetype: ppt', 'no'),
(433, 109, 'desktop', 'no'),
(319, 80, '8', 'no'),
(374, 94, '3', 'yes'),
(94, 24, 'solaris', 'no'),
(439, 110, '------------', 'no'),
(585, 147, 'การสร้างแบบสอบถาม', 'no'),
(554, 139, 'architecture', 'no'),
(61, 16, '16 bits', 'yes'),
(568, 142, 'temperature in London now', 'yes'),
(256, 64, 'dump computers', 'no'),
(176, 44, 'mediums', 'no'),
(340, 85, 'peripherals', 'no'),
(530, 133, 'การออกกำลังกาย filetype: doc', 'no'),
(144, 36, 'AL unit', 'no'),
(358, 90, '77', 'no'),
(582, 146, 'ช่องทำเครื่องหมาย (checkboxes)', 'yes'),
(442, 111, 'phuket', 'no'),
(193, 49, 'micro processor', 'no'),
(545, 137, 'สามารถใช้งานได้เมื่อเชื่อมต่ออินเทอร์เน็ตเท่านั้น', 'no'),
(239, 60, 'unreliable', 'no'),
(438, 110, 'character-recognition device', 'yes'),
(216, 54, 'organized program', 'no'),
(376, 94, '5', 'no'),
(279, 70, 'database package', 'no'),
(86, 22, 'data base software', 'no'),
(594, 149, 'ออกแบบตาราง', 'no'),
(390, 98, 'RWM', 'no'),
(290, 73, 'system bus speed', 'no'),
(398, 100, 'Input Method Editor', 'yes'),
(227, 57, 'process in', 'no'),
(363, 91, 'microprocessor', 'no'),
(301, 76, 'TRAP', 'no'),
(271, 68, 'producing dump programs', 'no'),
(523, 131, 'IBM computer 1970..1990', 'yes'),
(360, 90, '101', 'no'),
(272, 68, 'producing system functions', 'no'),
(75, 19, 'input device', 'yes'),
(404, 101, 'pages', 'no'),
(217, 55, 'operating system of computer', 'no'),
(64, 16, '10 bits', 'no'),
(273, 69, 'spreadsheet', 'yes'),
(567, 142, 'in London', 'no'),
(126, 32, 'output devices', 'no'),
(589, 148, 'E-mail', 'no'),
(68, 17, 'Online Computer Retrieval', 'no'),
(306, 77, 'parallel', 'no'),
(323, 81, 'motherboard', 'no'),
(13, 4, 'plugins', 'no'),
(385, 97, 'Optical Character Reader', 'yes'),
(304, 76, 'RST 3', 'yes'),
(356, 89, 'distributed multiple processors', 'no'),
(131, 33, 'analogue devices', 'no'),
(351, 88, 'memory bus', 'no'),
(201, 51, 'Application programs', 'no'),
(537, 135, 'เลื่อนลง (drop down)', 'no'),
(249, 63, 'text publishing package', 'no'),
(182, 46, 'analogue devices', 'no'),
(220, 55, 'all of above', 'yes'),
(553, 139, 'define  architecture', 'yes'),
(81, 21, 'lines', 'no'),
(587, 147, 'การสร้างเว็บไซต์', 'yes'),
(424, 106, 'direct input', 'no'),
(213, 54, 'experimental program', 'no'),
(269, 68, 'producing a log', 'yes'),
(260, 65, 'reliable', 'yes'),
(106, 27, 'output', 'yes'),
(130, 33, 'digital devices', 'no'),
(588, 147, 'การโอนย้ายไฟล์ข้อมูล', 'no'),
(572, 143, 'Location of mona lisa painting', 'yes'),
(321, 81, 'external modem', 'yes'),
(127, 32, 'input/output devices', 'yes'),
(518, 130, '36.59 in baht', 'no'),
(190, 48, 'mini frame computers', 'no'),
(399, 100, 'Inside MicroSoft Excel', 'no'),
(317, 80, '2', 'yes'),
(96, 24, 'sound tracker', 'no'),
(207, 52, 'bus packages', 'no'),
(78, 20, 'Input Method Editor', 'yes'),
(98, 25, '3', 'no'),
(204, 51, 'both A and B', 'yes'),
(184, 46, 'input devices', 'yes'),
(114, 29, 'interface', 'no'),
(192, 48, 'peripheral interface', 'no'),
(519, 130, '36.59 pounds in baht', 'no'),
(195, 49, 'mega processor', 'no'),
(393, 99, 'storage device', 'no'),
(150, 38, 'qualitative unit', 'no'),
(355, 89, 'balanced multiple processors', 'no'),
(196, 49, 'mega computers', 'no'),
(49, 13, 'sunway taihulight', 'yes'),
(544, 136, 'ถูกทุกข้อ', 'no'),
(255, 64, 'inquiry computers', 'no'),
(246, 62, 'directory', 'no'),
(222, 56, 'program library', 'no'),
(336, 84, 'accumulator', 'yes'),
(373, 94, '2', 'no'),
(593, 149, 'แทรกแถวด้านบน  ', 'no'),
(19, 5, 'vectors', 'no'),
(334, 84, 'instruction register', 'no'),
(202, 51, 'Replicate programs', 'no'),
(548, 137, 'เสียค่าใช้จ่ายในการใช้บริการ', 'yes'),
(234, 59, 'inquiry system', 'no'),
(542, 136, 'Google form ช่วยสร้างแบบสอบถามให้โดยอัตโนมัติ', 'no'),
(419, 105, '4', 'no'),
(232, 58, 'library package', 'no'),
(564, 141, 'distance learning filetype: xls', 'no'),
(262, 66, 'identity code', 'no'),
(116, 29, 'system software', 'no'),
(155, 39, 'programmed devices', 'no'),
(88, 22, 'application software', 'no'),
(586, 147, 'การรับ-ส่งอีเมล', 'no'),
(573, 144, 'ค้นหาคำว่า “ปลากัดไทย”', 'no'),
(535, 134, 'Google maps', 'no'),
(403, 101, 'characters', 'yes'),
(578, 145, 'ช่องทำเครื่องหมาย (checkboxes)', 'no'),
(513, 129, 'beach in Phuket', 'no'),
(316, 79, '16', 'no'),
(191, 48, 'mainframe processors', 'no'),
(292, 73, 'socket type', 'no'),
(329, 83, 'select interrupt mask', 'no'),
(361, 91, 'system board', 'no'),
(103, 26, 'indirect input', 'yes'),
(350, 88, 'SCSI bus', 'yes'),
(434, 109, 'interface', 'no'),
(313, 79, '2', 'yes'),
(407, 102, 'ackage software', 'no'),
(563, 141, 'distance learning filetype: doc', 'yes'),
(349, 88, 'PCI bus', 'no'),
(324, 81, 'printer', 'no'),
(298, 75, 'register file', 'yes'),
(251, 63, 'experimental package', 'no'),
(83, 21, 'characters', 'yes'),
(357, 90, '19', 'yes'),
(541, 136, 'Google form ช่วยเก็บข้อมูลเมื่อผู้ตอบแบบสอบถามตอบกลับมาได้', 'yes'),
(14, 4, 'extensions', 'no'),
(147, 37, 'IN gate device', 'no'),
(364, 91, 'speaker', 'yes'),
(536, 134, 'Google+', 'no'),
(293, 74, 'pronunciation', 'no'),
(101, 26, 'instruction', 'no'),
(66, 17, 'Optical Card Reader', 'no'),
(596, 149, 'นำออกตาราง', 'no'),
(167, 42, 'macro medium', 'no'),
(345, 87, 'binary system', 'no'),
(44, 11, 'speaker', 'yes'),
(74, 19, 'output device', 'no'),
(352, 88, 'rambus', 'no'),
(409, 103, 'pilot testing', 'no'),
(559, 140, 'ปฏิทินการศึกษา site: www.facebook.com', 'no'),
(371, 93, 'cori', 'no'),
(185, 47, 'chip', 'yes'),
(119, 30, '', 'no'),
(425, 107, 'output', 'no'),
(441, 111, 'pattani', 'yes'),
(42, 11, 'RAM', 'no'),
(158, 40, 'temporary memory', 'no'),
(378, 95, 'storage device', 'no'),
(524, 131, 'IBM computer', 'no'),
(411, 103, 'system testing', 'no'),
(102, 26, 'command', 'no'),
(580, 145, 'สเกลเชิงเส้น (linear scale)', 'no'),
(420, 105, '5', 'no'),
(550, 138, 'สามารถเพิ่มรูปในหน้าเว็บได้', 'yes'),
(574, 144, 'ค้นหาคำว่า “ปลากัดไทย” และเลือกเมนูการตั้งค่า', 'no'),
(236, 59, 'function system', 'no'),
(56, 14, '5', 'no'),
(387, 97, 'Office Cash Receiver', 'no'),
(417, 105, '2', 'yes'),
(243, 61, 'program houses', 'no'),
(153, 39, 'digital devices', 'no'),
(528, 132, '20%2/6', 'no'),
(199, 50, 'applications', 'no'),
(89, 23, 'pilot testing', 'no'),
(354, 89, 'even multiple processors', 'no'),
(291, 73, 'clock speed', 'no'),
(327, 82, '100', 'no'),
(218, 55, 'trace program', 'no'),
(515, 129, 'beach in Phuket -Patong', 'yes'),
(226, 57, 'process out', 'no'),
(137, 35, 'output/input devices', 'no'),
(104, 26, 'direct input', 'no'),
(280, 70, 'all of above', 'yes'),
(257, 65, 'unreliable', 'no'),
(58, 15, 'storage device', 'no'),
(71, 18, 'ROM', 'no'),
(412, 103, 'unit testing', 'yes'),
(525, 132, '20^2/6', 'yes'),
(307, 77, 'serial', 'no'),
(547, 137, 'ให้บริการฟรี', 'no'),
(343, 86, 'a binary code', 'yes'),
(163, 41, 'signals', 'no'),
(581, 146, 'เลื่อนลง (drop down)', 'no'),
(194, 49, 'micro computers', 'yes'),
(129, 33, 'input devices', 'yes'),
(561, 141, 'distance learning', 'no'),
(305, 77, 'asynchronous', 'no'),
(552, 138, 'ถูกทั้งข้อ b และ c', 'no'),
(347, 87, 'octal system', 'no'),
(263, 66, 'inquiry code', 'no'),
(391, 98, 'ROM', 'no'),
(180, 45, 'on-line devices', 'no'),
(128, 32, 'storage devices', 'no'),
(268, 67, 'inquiry program', 'no'),
(261, 66, 'password', 'yes'),
(401, 101, 'lines', 'no'),
(110, 28, 'video cam', 'yes'),
(569, 143, 'Painting of Leonardo da Vinci', 'no'),
(203, 51, 'Logical programs', 'no'),
(539, 135, 'หลายตัวเลือก (multiple choices)', 'no'),
(109, 28, 'web cam', 'no'),
(164, 41, 'computer', 'no'),
(600, 150, 'ถูกทุกข้อ', 'no'),
(92, 23, 'unit testing', 'yes'),
(235, 59, 'dump programs', 'no'),
(394, 99, 'output device', 'no'),
(312, 78, 'RAM', 'yes'),
(598, 150, 'ทำให้เกิดเสียงตามข้อความที่กำหนด', 'no'),
(267, 67, 'compiling program', 'no'),
(532, 133, 'การออกกำลังกาย filetype: xls', 'no'),
(297, 75, 'set registers', 'no'),
(346, 87, 'decimal system', 'no'),
(230, 58, 'program library\n\n', 'yes'),
(245, 62, 'library', 'yes'),
(516, 129, 'Phuket Patong', 'no'),
(95, 24, 'NetWare', 'no'),
(156, 39, 'signal led devices', 'no'),
(121, 31, 'Random Access Memory', 'yes'),
(322, 81, 'internal modem', 'no'),
(283, 71, 'Athlon FX 64', 'no'),
(166, 42, 'micro medium', 'no'),
(162, 41, 'analogues', 'no'),
(560, 140, 'www.pn.psu.ac.th', 'no'),
(60, 15, 'static memory device', 'yes'),
(540, 135, 'สเกลเชิงเส้น (linear scale)', 'no'),
(308, 77, 'isochronous', 'yes'),
(388, 97, 'Online Computer Retrieval', 'no'),
(143, 36, 'control unit', 'no'),
(173, 44, 'output device', 'no'),
(375, 94, '4', 'no'),
(276, 69, 'reliability grid', 'no'),
(326, 82, '111', 'yes'),
(295, 74, 'both A and B', 'yes'),
(333, 84, 'program counter', 'no'),
(392, 98, 'SAM', 'yes'),
(282, 71, 'Pentium 4', 'no'),
(526, 132, '20*2/6', 'no'),
(233, 59, 'operating system', 'yes'),
(435, 109, 'firmware', 'yes'),
(377, 95, 'dynamic memory device', 'no'),
(369, 93, 'sunway taihulight', 'yes'),
(381, 96, '16 bits', 'yes'),
(145, 37, 'off-line devices', 'no'),
(549, 138, 'ไม่สามารถสร้างลิงก์ไปยังเว็บไซต์อื่นได้', 'no'),
(175, 44, 'backup devices', 'no'),
(85, 22, 'system software', 'yes'),
(514, 129, 'beach in Phuket Patong', 'no'),
(41, 11, 'system board', 'no'),
(18, 5, 'sectors', 'yes'),
(427, 107, 'storage device', 'no'),
(82, 21, 'words', 'no'),
(330, 83, 'sorting interrupt mask', 'no'),
(57, 15, 'dynamic memory device', 'no'),
(53, 14, '2', 'no'),
(52, 13, 'mira', 'no'),
(440, 110, 'mouse', 'no'),
(264, 66, 'dump code', 'no'),
(543, 136, 'สามารถส่งลิงก์ของแบบสอบถามได้ทางอีเมล์เท่านั้น', 'no'),
(223, 56, 'software library', 'no'),
(570, 143, 'Mona lisa painting', 'no'),
(154, 39, 'analogue devices', 'yes'),
(557, 140, 'ปฏิทินการศึกษา', 'no'),
(258, 65, 'unstable functioning\n\n', 'no'),
(183, 46, 'truth table devices', 'no'),
(186, 47, 'circuit', 'no'),
(318, 80, '10', 'no'),
(521, 131, 'IBM computer 1970', 'no'),
(421, 106, 'instruction', 'no'),
(100, 25, '5', 'no'),
(339, 85, 'shift registers', 'yes'),
(284, 71, 'PowerPC', 'no'),
(15, 4, 'both A and B', 'yes'),
(592, 148, 'ถูกทุกข้อ', 'yes'),
(575, 144, 'ค้นหาคำว่า “ปลากัดไทย” และเลือกเมนู เครื่องมือและขนาด ตามลำดับ', 'yes'),
(211, 53, 'relative programs', 'no'),
(577, 145, 'คำตอบสั้นๆ (short answer)', 'no'),
(219, 55, 'compiler', 'no'),
(344, 86, 'an alphanumeric code', 'no'),
(338, 85, 'logic circuits', 'no'),
(584, 146, 'สเกลเชิงเส้น (linear scale)', 'no'),
(62, 16, '4 bits', 'no'),
(160, 40, 'both A and C', 'yes'),
(315, 79, '10', 'no'),
(122, 31, 'Read Access Memory', 'no'),
(161, 41, 'digital', 'yes'),
(174, 44, 'input/output devices', 'yes'),
(250, 63, 'desktop publishing package', 'yes'),
(212, 53, 'replicate programs', 'no'),
(410, 103, 'isolation testing', 'no'),
(348, 87, 'quinary system', 'yes'),
(63, 16, '1024 bits', 'no'),
(206, 52, 'file packages', 'no'),
(214, 54, 'system program', 'yes'),
(124, 31, 'Random Arithmetic Memory', 'no'),
(335, 84, 'instruction decoder', 'no'),
(209, 53, 'relative programs\n', 'no'),
(17, 5, 'clusters', 'no'),
(397, 100, 'Infinite Memory Engine', 'no'),
(270, 68, 'producing inquiry', 'no'),
(208, 52, 'software packages', 'yes'),
(198, 50, 'software', 'no'),
(229, 58, 'software library', 'no'),
(328, 82, '1001', 'no'),
(135, 34, 'main store', 'no'),
(546, 137, 'ผู้ใช้จำเป็นต้องสมัครใช้บริการ', 'no'),
(252, 63, 'organizing publishing package', 'no'),
(231, 58, 'directory library', 'no'),
(296, 74, 'graphic symbols', 'no'),
(105, 27, 'output', 'no'),
(428, 107, 'peripheral device', 'no'),
(389, 98, 'RAM', 'no'),
(402, 101, 'words', 'no'),
(277, 70, 'file management\n\n\n', 'no'),
(253, 64, 'microcomputers', 'no'),
(275, 69, 'rows grid\n', 'no'),
(99, 25, '4', 'no'),
(134, 34, 'arithmetic and logic unit\n', 'no'),
(565, 142, 'Temperature', 'no'),
(310, 78, 'PROM', 'no'),
(396, 99, 'pointing device', 'no'),
(157, 40, 'main memory', 'no'),
(67, 17, 'Office Cash Receiver', 'no'),
(140, 35, 'output devices', 'yes'),
(287, 72, 'RS-232-C', 'yes'),
(65, 17, 'Optical Character Reader', 'yes');

-- --------------------------------------------------------

--
-- Table structure for table `enrollment`
--

CREATE TABLE `enrollment` (
  `std_id` varchar(10) NOT NULL,
  `group_id` smallint(5) UNSIGNED NOT NULL,
  `std_pwd` varchar(10) DEFAULT NULL
) ENGINE=ndbcluster DEFAULT CHARSET=utf8;

--
-- Dumping data for table `enrollment`
--

INSERT INTO `enrollment` (`std_id`, `group_id`, `std_pwd`) VALUES
('9920310025', 24, 'vnizuqxg'),
('9920310018', 24, 'cjxgamvz'),
('9920310004', 24, 'xsthdaqo'),
('9920310057', 24, 'bzghwokc'),
('9920310056', 24, 'qdhrokzl'),
('9920310067', 24, 'dwogvnby'),
('9920310075', 24, 'nmjiobvd'),
('9920310072', 24, 'xcroflhi'),
('9920310002', 24, 'sbzigyek'),
('9920310073', 24, 'xrsnjecl'),
('9920310050', 24, 'gcajrqlx'),
('9920310031', 24, 'vzpgiefr'),
('9920310061', 24, 'cgqzltro'),
('9920610004', 9, 'VDsyJrdj'),
('9920310035', 24, 'odzfqjhl'),
('9920610008', 9, 'OGHqyoJM'),
('9920310006', 24, 'sydiebwc'),
('9920610006', 9, 'gDt7OnvE'),
('9920310029', 24, 'ioqpdtek'),
('9920310010', 24, 'jwdeotki'),
('9920310005', 24, 'utnpfrog'),
('9920610012', 9, 'c2NyflVa'),
('9920310093', 24, 'pbwjitzm'),
('9920410020', 10, 'ti159K2X'),
('9920310049', 24, 'qbpknrvl'),
('9920410016', 10, '8PKFdEwU'),
('9920310100', 24, 'tmhcsnwq'),
('9920310080', 24, 'clytrvzq'),
('9920310011', 24, 'rwmnexio'),
('9920410010', 10, 'Pp2FDkLS'),
('9920410011', 10, 'snq24mvK'),
('9920310045', 24, 'dnyxzclp'),
('9920310017', 24, 'dtmgserp'),
('9920310013', 24, 'aiewmzuy'),
('9920310039', 24, 'evtumgzn'),
('9920610005', 9, 'bJq9wEjv'),
('9920610019', 9, 'GNkXKRQD'),
('9920610017', 9, 'Ent5QbKP'),
('9920410015', 10, 'Vbdh9PnF'),
('9920410018', 10, 'QdOxlHcW'),
('9920410012', 10, '6VtF5jL3'),
('9920310059', 24, 'mxobqneh'),
('9920310044', 24, 'hzlgnfwr'),
('9920310051', 24, 'vmtrzdoy'),
('9920310098', 24, 'yocqhspf'),
('9920310038', 24, 'ohkfxwdm'),
('9920310077', 24, 'wtadfvzy'),
('9920310003', 24, 'rxpmndhb'),
('9920410002', 10, 'EKBtIepc'),
('9920410007', 10, 'mtukaMHP'),
('9920310030', 24, 'ilhkwgym'),
('9920610007', 9, 'eyHMmbJD'),
('9920610014', 9, 'VPor7ZDG'),
('9920610003', 9, 'VJLHsh85'),
('9920310084', 24, 'xcepdtmf'),
('9920310064', 24, 'qiokrvlc'),
('9920310091', 24, 'mrpswged'),
('9920310078', 24, 'fcujvwen'),
('9920310068', 24, 'bgijzlah'),
('9920610013', 9, 'P28LZRq5'),
('9920310063', 24, 'mrwanugj'),
('9920310062', 24, 'lqjhdgmi'),
('9920310081', 24, 'anyvoclt'),
('9920310032', 24, 'dtiosrjn'),
('9920310054', 24, 'senygorh'),
('9920310086', 24, 'lyfqrjbv'),
('9920310028', 24, 'lftvqygm'),
('9920310012', 24, 'aosgclmv'),
('9920310069', 24, 'vqdaicjh'),
('9920310008', 24, 'dpgjlqaw'),
('9920310024', 24, 'zapdshfe'),
('9920610020', 9, '6u9fbikX'),
('9920310076', 24, 'dqenpsty'),
('9920310065', 24, 'axhcypnq'),
('9920610002', 9, 'Kc6JXzeS'),
('9920610001', 9, 'wo85DCZU'),
('9920410008', 10, 'nQBtEkhp'),
('9920310033', 24, 'irscpxve'),
('9920610015', 9, 'XEWF25eG'),
('9920410004', 10, 'OhvQapti'),
('9920310085', 24, 'aurlkhtx'),
('9920410017', 10, 'N78OY6QA'),
('9920310016', 24, 'ukqedhpl'),
('9920310090', 24, 'zfnvqhwa'),
('9920310047', 24, 'hngswpdm'),
('9920310048', 24, 'aucdwkym'),
('9920410006', 10, 'Qwm1KUk9'),
('9920310043', 24, 'bvolwnmy'),
('9920610016', 9, 'HT2hfcR3'),
('9920310071', 24, 'rqjnevby'),
('9920310022', 24, 'hrwxbmoa'),
('9920310041', 24, 'ldtzvciu'),
('9920310099', 24, 'mplhfzyj'),
('9920310058', 24, 'brplcyuw'),
('9920310088', 24, 'mdebjqri'),
('9920610018', 9, 'Tc9QqIEB'),
('9920310052', 24, 'noixwgmb'),
('9920310053', 24, 'cugpjbie'),
('9920310001', 24, 'jqncwgem'),
('9920410003', 10, 'Kz7Z6Gw4'),
('9920310083', 24, 'heacsvdm'),
('9920310040', 24, 'rhloamxd'),
('9920310097', 24, 'khatzerx'),
('9920410014', 10, 'ztObTKVB'),
('9920410019', 10, 'G4awHOFE'),
('9920310089', 24, 'buxktscf'),
('9920610011', 9, 'rCfGqLws'),
('9920310046', 24, 'stgcefai'),
('9920310066', 24, 'pahuqgsr'),
('9920310042', 24, 'hucpjolf'),
('9920610010', 9, 'to6DLCBd'),
('9920310014', 24, 'kwiubvhj'),
('9920310092', 24, 'wvpbkfml'),
('9920310074', 24, 'nxfhdgue'),
('9920310021', 24, 'lfspajrz'),
('9920310060', 24, 'lqsgznmh'),
('9920310095', 24, 'zhtmwjug'),
('9920310034', 24, 'yixvmpnw'),
('9920310019', 24, 'duwoybit'),
('9920310027', 24, 'pfjhsgyc'),
('9920410009', 10, '6bJMKm7V'),
('9920410013', 10, 'Eorfbk71'),
('9920410001', 10, 'nxLYpPW9'),
('9920310020', 24, 'kiwmgarn'),
('9920310070', 24, 'udghxaoj'),
('9920310037', 24, 'geziytmp'),
('9920310015', 24, 'kjxgbnel'),
('9920310094', 24, 'xpiuytzl'),
('9920310082', 24, 'rntxqjel'),
('9920310096', 24, 'kvcejdnp'),
('9920310007', 24, 'arimposg'),
('9920310036', 24, 'xvbpsnik'),
('9920310023', 24, 'wsljdain'),
('9920410005', 10, '2s8nxk9l'),
('9920310055', 24, 'ytjfcupb'),
('9920310079', 24, 'wmtsdefp'),
('9920610009', 9, 'jYNbAHqZ'),
('9920310087', 24, 'iomuyjbl'),
('9920310009', 24, 'sgmdohcu'),
('9920310026', 24, 'rvfdzgis');

-- --------------------------------------------------------

--
-- Table structure for table `lecturer`
--

CREATE TABLE `lecturer` (
  `lec_id` varchar(10) NOT NULL,
  `lec_name` varchar(50) DEFAULT NULL,
  `lec_pwd` varchar(10) DEFAULT NULL
) ENGINE=ndbcluster DEFAULT CHARSET=utf8;

--
-- Dumping data for table `lecturer`
--

INSERT INTO `lecturer` (`lec_id`, `lec_name`, `lec_pwd`) VALUES
('cathy12', 'Cathy Fern', 'cathy12'),
('berris1', 'Berris Thom', 'berris1'),
('jasmine', 'Jasmine Thon', 'jasmine'),
('sarang1', 'Sarang Hae', 'sarang1'),
('douter1', 'Douter Roll', 'douter1'),
('roline1', 'Roline Son', 'roline1'),
('bernard', 'Bernard Smith', 'bernard'),
('darwin1', 'Darwin Jack', 'darwin1'),
('anna123', 'Anna Scott', 'anna123'),
('thomson', 'Thomson John', 'thomson');

-- --------------------------------------------------------

--
-- Table structure for table `lec_group`
--

CREATE TABLE `lec_group` (
  `gr_id` smallint(5) UNSIGNED NOT NULL,
  `term` smallint(5) UNSIGNED NOT NULL,
  `year` smallint(5) UNSIGNED NOT NULL,
  `lec_group` smallint(5) UNSIGNED NOT NULL,
  `lec_id` varchar(10) NOT NULL,
  `sub_id` varchar(7) NOT NULL
) ENGINE=ndbcluster DEFAULT CHARSET=utf8;

--
-- Dumping data for table `lec_group`
--

INSERT INTO `lec_group` (`gr_id`, `term`, `year`, `lec_group`, `lec_id`, `sub_id`) VALUES
(23, 1, 2561, 2, 'roline1', '747-101'),
(9, 1, 2561, 1, 'bernard', '748-101'),
(10, 1, 2561, 2, 'thomson', '748-101'),
(18, 3, 2561, 1, 'thomson', '748-101'),
(24, 2, 2560, 1, 'thomson', '748-101'),
(13, 2, 2561, 2, 'thomson', '748-101'),
(12, 2, 2561, 1, 'bernard', '748-101'),
(22, 1, 2561, 1, 'sarang1', '747-101');

-- --------------------------------------------------------

--
-- Table structure for table `lesson`
--

CREATE TABLE `lesson` (
  `les_id` smallint(5) UNSIGNED NOT NULL,
  `sub_id` varchar(7) DEFAULT NULL,
  `les_name` varchar(50) DEFAULT NULL
) ENGINE=ndbcluster DEFAULT CHARSET=utf8;

--
-- Dumping data for table `lesson`
--

INSERT INTO `lesson` (`les_id`, `sub_id`, `les_name`) VALUES
(9, '748-101', 'การทดสอบ'),
(2, '748-101', 'Computer Hardware'),
(4, '748-101', 'Data Processing'),
(5, '748-101', 'Computer Software'),
(1, '748-101', 'Introduction Computer');

-- --------------------------------------------------------

--
-- Table structure for table `manage_status`
--

CREATE TABLE `manage_status` (
  `lec_id` varchar(10) NOT NULL,
  `sub_id` varchar(7) NOT NULL
) ENGINE=ndbcluster DEFAULT CHARSET=utf8;

--
-- Dumping data for table `manage_status`
--

INSERT INTO `manage_status` (`lec_id`, `sub_id`) VALUES
('jasmine', '748-101'),
('bernard', '748-121'),
('bernard', '748-101');

-- --------------------------------------------------------

--
-- Table structure for table `question`
--

CREATE TABLE `question` (
  `ques_id` smallint(5) UNSIGNED NOT NULL,
  `les_id` smallint(5) UNSIGNED DEFAULT NULL,
  `ques_detail` text,
  `ques_image` mediumblob,
  `ques_status` set('active','inactive') DEFAULT NULL,
  `ques_level` varchar(10) DEFAULT NULL
) ENGINE=ndbcluster DEFAULT CHARSET=utf8;

--
-- Dumping data for table `question`
--

INSERT INTO `question` (`ques_id`, `les_id`, `ques_detail`, `ques_image`, `ques_status`, `ques_level`) VALUES
(80, 4, 'Power of binary system for positional values is', '', 'active', 'Easy'),
(146, 9, 'หากต้องการถามคำถามว่านักศึกษามีงานอดิเรกใดบ้าง ผู้สร้างแบบสอบถามควรถามด้วยคำถามประเภทใด', '', 'active', 'Hard'),
(133, 9, 'หากต้องการหาข้อมูลเรื่องการออกกำลังกายที่เป็นไฟล์จาก Microsoft PowerPoint โดยใช้ Google search ต้องใช้คำสำคัญ (Keyword) ที่เหมาะที่สุดตามข้อใด', '', 'active', 'Hard'),
(139, 9, 'หากต้องการหาความหมายของคำว่า architecture โดยใช้ Google search ต้องใช้คำสำคัญ (Keyword) ที่เหมาะที่สุดตามข้อใด', '', 'active', 'Easy'),
(141, 9, 'หากต้องการหาข้อมูลเรื่อง distance learning ที่เป็นไฟล์จาก Microsoft Word โดยใช้ Google search ต้องใช้คำสำคัญ (Keyword) ที่เหมาะที่สุดตามข้อใด', '', 'active', 'Hard'),
(28, 1, 'Computer device which is able to capture image of any type including solid objects is known as', '', 'active', 'Hard'),
(87, 4, 'Number system which contain 5 symbols 0, 1, 2, 3 and 4, is', '', 'active', 'Easy'),
(43, 2, 'Type of integrated circuit which consists of arithmetic unit, control unit and some main store is called a', '', 'inactive', 'Undefine'),
(148, 9, 'Google sites อนุญาตให้ผู้สร้างเว็บไซต์แชร์เว็บไซต์ได้ช่องทางใด', '', 'inactive', 'Medium'),
(73, 4, 'Specification which has little effect on speed of a processor is', '', 'active', 'Easy'),
(77, 4, 'Mode of transmission of data, where one bit is sent for each clock cycle is', '', 'active', 'Medium'),
(142, 9, 'หากต้องการหาอุณหภูมิในเมืองลอนดอนประเทศอังกฤษ ณ เวลาปัจจุบัน โดยใช้ Google search ต้องใช้คำสำคัญ (Keyword) ที่เหมาะที่สุดตามข้อใด', '', 'inactive', 'Medium'),
(76, 4, 'All of following are vectored interrupt except', '', 'active', 'Medium'),
(70, 5, 'Program packages that allows program users to design data files and select information are called', '', 'active', 'Hard'),
(20, 1, 'In computer terminology IME stands for', '', 'active', 'Hard'),
(79, 4, 'To convert a whole decimal number into a hexadecimal equivalent, one should divide decimal value by', '', 'active', 'Undefine'),
(72, 4, 'Standard used in serial ports to facilitate communication is', '', 'active', 'Medium'),
(91, 1, 'Most PCs give a single beep on boot up to indicate they are OK hardware wise, if we boot PC and doesn', '', 'active', 'Undefine'),
(138, 9, 'ข้อใดในเรื่อง Google sites ต่อไปนี้ถูกต้อง ', '', 'active', 'Medium'),
(23, 1, 'In computer, testing of a program\'s component is called', '', 'active', 'Undefine'),
(50, 2, 'Actual equipment of computer system that can be touched are', '', 'active', 'Easy'),
(47, 2, 'Silicon piece with a system circuit on it is termed as', '', 'active', 'Undefine'),
(93, 1, 'Top listed super computer is', '', 'active', 'Easy'),
(55, 5, 'Examples of system programs includes', '', 'active', 'Hard'),
(107, 1, 'Components of a computer that are tangible are', '', 'active', 'Hard'),
(26, 1, 'Data entered into computer through keyboard and mouse is an example of', '', 'active', 'Easy'),
(29, 1, 'An intermediate between computer hardware and software is', '', 'active', 'Undefine'),
(16, 1, 'Computer word size is a multiple of', '', 'inactive', 'Undefine'),
(69, 5, 'Program provides users with grid of rows and columns is classified as', '', 'active', 'Undefine'),
(136, 9, 'ข้อใดในเรื่อง Google form ต่อไปนี้ถูกต้อง', '', 'active', 'Undefine'),
(90, 4, 'All of following is an octal number except', '', 'active', 'Easy'),
(149, 9, 'ในการใช้งาน Google sites หากต้องการเพิ่มตารางในหน้าเว็บเพจ ต้องไปที่เมนูใด', '', 'inactive', 'Medium'),
(110, 1, 'Computer device which enables user to input text and numerical data by hand writing on pressure sensitive surface using a special pen is called', '', 'active', 'Hard'),
(109, 1, 'An intermediate between computer hardware and software is', '', 'active', 'Hard'),
(95, 1, 'Semiconductor memory device in which stored data will remain permanently stored as long as power is supplied is', '', 'active', 'Medium'),
(60, 5, 'If program can cope data errors, such program can be termed as', '', 'active', 'Undefine'),
(143, 9, 'หากต้องการหาที่ตั้งของรูปวาด mona lisa ซึ่งวาดโดยจิตรกรเอก Leonardo da Vinci โดยใช้ Google search ต้องใช้คำสำคัญ (Keyword) ที่เหมาะที่สุดตามข้อใด', '', 'active', 'Easy'),
(85, 4, 'Transformation between parallel and serial ports is done with help of', '', 'active', 'Easy'),
(145, 9, 'หากผู้สร้างแบบสอบถามต้องการทราบว่าผู้ตอบแบบสอบถามเป็นนักศึกษาชั้นปีใด ผู้สร้างแบบสอบถามควรถามด้วยคำถามประเภทใด', '', 'active', 'Easy'),
(41, 2, 'If a quantity in device is treated as different set of separate values, device is said to be', '', 'active', 'Easy'),
(18, 1, 'Type of computer memory in which access time is not constant but varies depending on address location is known as', '', 'active', 'Easy'),
(57, 5, 'Process to exit from computer by giving correct instructions such as \'EXIT\' is classified as', '', 'active', 'Undefine'),
(82, 4, 'Cumulative addition of four bits ( 1 + 1 + 1 + 1 ) gives', '', 'active', 'Medium'),
(52, 5, 'Set of programs which consist of full set of documentations is termed as', '', 'active', 'Undefine'),
(53, 5, 'Specialized program that allows user to utilize in specific application is classified as', '', 'active', 'Easy'),
(100, 1, 'In computer terminology IME stands for', '', 'active', 'Hard'),
(15, 1, 'Semiconductor memory device in which stored data will remain permanently stored as long as power is supplied is', '', 'active', 'Medium'),
(31, 2, 'RAM\' stands for', '', 'active', 'Hard'),
(36, 2, 'Place where large amounts of data are stored outside central processing unit is called', '', 'active', 'Medium'),
(34, 2, 'Central Processing Unit (CPU) consists of', '', 'active', 'Hard'),
(62, 5, 'Programs are fully tested and documented properly before including it into', '', 'active', 'Easy'),
(63, 5, 'Program which is used to produce pictures, text and to organize it in newspaper is classified as', '', 'active', 'Undefine'),
(17, 1, 'In computer terminology, OCR stands for', '', 'active', 'Easy'),
(135, 9, 'คำถามประเภทใดที่ผู้ตอบแบบสอบถามสามารถตอบจากตัวเลือกได้หลายตัวเลือก', '', 'active', 'Easy'),
(105, 1, 'Types of plotter are', '', 'active', 'Medium'),
(37, 2, 'Devices that are under control of computer and are directly connected to computer peripherals are termed as', '', 'active', 'Medium'),
(134, 9, 'นักศึกษาสามารถสร้างแบบสอบถามออนไลน์ด้วยบริการในข้อใด', '', 'active', 'Medium'),
(99, 1, 'Device that takes data from user and convert it into form that can be easily understandable by computer is', '', 'active', 'Medium'),
(24, 1, 'Computer software which is required to match sound uttered by user with a vocabulary of sound signals stored in a computer is', '', 'active', 'Easy'),
(67, 5, 'System programs which performs one simple task are classified as', '', 'active', 'Undefine'),
(140, 9, 'หากต้องการค้นหาปฏิทินการศึกษาในเว็บไซต์ของมหาวิทยาลัยสงขลานครินทร์ วิทยาเขตปัตตานี โดยใช้ Google search ต้องใช้คำสำคัญ (Keyword) ที่เหมาะที่สุดตามข้อใด', '', 'active', 'Undefine'),
(65, 5, 'Program which exactly perform operations that its manual says is classified as', '', 'active', 'Hard'),
(19, 1, 'Device that takes data from user and convert it into form that can be easily understandable by computer is', '', 'inactive', 'Medium'),
(88, 4, 'Bus which used to connect monitor to CPU is', '', 'active', 'Undefine'),
(5, 1, 'A hard disk is divided into tracks, which are further subdivided into', '', 'active', 'Hard'),
(27, 1, 'Components of a computer that are tangible are', '', 'active', 'Medium'),
(103, 1, 'In computer, testing of a program\'s component is called', '', 'active', 'Undefine'),
(32, 2, 'Teletypewriter terminal is an example of', '', 'active', 'Hard'),
(21, 1, 'Computer chain printer consist of a chain of', '', 'active', 'Undefine'),
(39, 2, 'Devices such as mercury thermometer and kitchen scales are classified as', '', 'active', 'Medium'),
(83, 4, 'SIM stands for', '', 'active', 'Easy'),
(22, 1, 'Computer general-purpose software is basically a', '', 'active', 'Easy'),
(14, 1, 'Guns of color present in a computer color screen are', '', 'active', 'Easy'),
(147, 9, 'Google sites จัดเป็นโปรแกรมประยุกต์บนเว็บที่ให้บริการในด้านใด', '', 'inactive', 'Hard'),
(101, 1, 'Computer chain printer consist of a chain of', '', 'active', 'Undefine'),
(11, 1, 'Most PCs give a single beep on boot up to indicate they are OK hardware wise, if we boot PC and doesn', '', 'active', 'Undefine'),
(66, 5, 'Special set of characters that computer associates with specific user identification is classified as', '', 'active', 'Easy'),
(44, 2, 'Visual display unit is an example of', '', 'active', 'Easy'),
(48, 2, 'Large computers with wide range of peripheral devices are classified as', '', 'active', 'Undefine'),
(74, 4, 'In Extended ASCII, first 40 symbols represents', '', 'active', 'Easy'),
(42, 2, 'Material on which data is stored or an input/output is classified is termed as', '', 'active', 'Easy'),
(102, 1, 'Computer general-purpose software is basically a', '', 'active', 'Easy'),
(25, 1, 'Types of plotter are', '', 'active', 'Medium'),
(56, 5, 'Program which is readily available for computer users as a part of software package is classified as', '', 'inactive', 'Medium'),
(89, 4, 'Multiple processor systems that are required to have an even number of processors are said to be', '', 'active', 'Undefine'),
(137, 9, 'ข้อมูลเกี่ยวกับ Google sites ข้อใดต่อไปนี้ไม่ถูกต้อง', '', 'active', 'Hard'),
(58, 5, 'Set of software authorized to a specific users is considered as', '', 'active', 'Medium'),
(71, 4, 'Newest processor for Macintosh computers is 64-bit', '', 'active', 'Undefine'),
(129, 9, 'หากต้องการหาชื่อหาดในจังหวัดภูเก็ตที่ไม่ใช่หาดป่าตอง โดยใช้ Google search ต้องใช้คำสำคัญ (Keyword) ที่เหมาะที่สุดตามข้อใด', '', 'active', 'Hard'),
(35, 2, 'Devices which are used to receive data from central processing unit are classified as', '', 'active', 'Hard');
INSERT INTO `question` (`ques_id`, `les_id`, `ques_detail`, `ques_image`, `ques_status`, `ques_level`) VALUES
(111, 5, 'what your favourite province?', 0xffd8ffe000104a46494600010100000100010000fffe003c43524541544f523a2067642d6a7065672076312e3020287573696e6720494a47204a50454720763930292c207175616c697479203d203130300affdb00430001010101010101010101010101010101010101010101010101010101010101010101010101010101010101010101010101010101010101010101010101010101ffdb00430101010101010101010101010101010101010101010101010101010101010101010101010101010101010101010101010101010101010101010101010101010101ffc000110800c8010a03012200021101031101ffc4001f0000010501010101010100000000000000000102030405060708090a0bffc400b5100002010303020403050504040000017d01020300041105122131410613516107227114328191a1082342b1c11552d1f02433627282090a161718191a25262728292a3435363738393a434445464748494a535455565758595a636465666768696a737475767778797a838485868788898a92939495969798999aa2a3a4a5a6a7a8a9aab2b3b4b5b6b7b8b9bac2c3c4c5c6c7c8c9cad2d3d4d5d6d7d8d9dae1e2e3e4e5e6e7e8e9eaf1f2f3f4f5f6f7f8f9faffc4001f0100030101010101010101010000000000000102030405060708090a0bffc400b51100020102040403040705040400010277000102031104052131061241510761711322328108144291a1b1c109233352f0156272d10a162434e125f11718191a262728292a35363738393a434445464748494a535455565758595a636465666768696a737475767778797a82838485868788898a92939495969798999aa2a3a4a5a6a7a8a9aab2b3b4b5b6b7b8b9bac2c3c4c5c6c7c8c9cad2d3d4d5d6d7d8d9dae2e3e4e5e6e7e8e9eaf2f3f4f5f6f7f8f9faffda000c03010002110311003f00fefccfdffc57fa520fba7f1fe694a7effe2bfd2907dd3f8ff34a0094f4fc57f98a63f43fef0ffd0453cf4fc57f98a63f43fef0ff00d045002767fa8fe66964edf8ff004a4ecff51fccd2c9dbf1fe9400bd8ffb83f93535bab7d07f35a7763fee0fe4d4d6eadf41fcd68014755fc7ff00405a70fe1ff74ffecb4d1d57f1ff00d0169c3f87fdd3ff00b2d001fc1ff01fe94d3dff001ffda94efe0ff80ff4a69eff008ffed4a0070edfef37fecd40edfef37fecd40edfef37fecd40edfef37fecd40087afe23f9a50bd47d3fa2507afe23f9a50bd47d3fa250038f4fc57f98a61eadf87fe80d4f3d3f15fe62987ab7e1ffa0350007bfe3ffb5297b1ff00707f26a43dff001ffda94bd8ff00b83f9350029ea7fe01ff00a11a17b7fbabfd683d4ffc03ff0042342f6ff757fad0003f87fdd3ff00b2d03f87fdd3ff00b2d03f87fdd3ff00b2d03f87fdd3ff00b2d0003f87fdd3ff00b2d03b7fbcdffb3503f87fdd3ffb2d03b7fbcdff00b350003b7fbcdffb3503b7fbcdff00b3503b7fbcdffb3503b7fbcdff00b350020e8dfeff00f514a7bffbcbff00b2d20e8dfeff00f514a7bffbcbff00b2d0007bff00bcbffb2d07a3fe3ffa08a0f7ff00797ff65a0f47fc7ff411400bdcfd07f36a5a4ee7e83f9b52d00447effe2bfd2907dd3f8ff34ac6f11f88fc3fe11d1b55f1378ab5bd2bc37e1cd0aca6d4f5ad775cd42d74ad2349d3ad2332dcdf6a3a8df4b05a59da411a33cb7171347146a096602be10d07fe0acbff0004c7f11dc4963a67edf3fb25adec57125ac967aa7c75f879a0dd24f1cbe53a35bebbaee9b3001d1b0fb3cb651e623346775007e869e9f8aff314c7e87fde1ffa08af01f09fed63fb2df8fd923f027ed23f017c6b24847971f84be307c3cf123c98c36234d17c477ace7182028390462bdc6d352d3f52b75bad3ef6d6faddc8659ecee21b98581518c4903c887239186391cf4a00b9d9fea3f99a593b7e3fd299b87cdee40fc73ffd7a73306c633c67afe1400eec7fdc1fc9a9add5be83f9ad3bb1ff00707f26a6b756fa0fe6b400a3aafe3ffa02d387f0ff00ba7ff65a68eabf8ffe80b4e1fc3fee9ffd96800fe0ff0080ff004a69eff8ff00ed4a77f07fc07fa534f7fc7ff6a5003876ff0079bff66a076ff79bff0066a076ff0079bff66a076ff79bff0066a0043d7f11fcd285ea3e9fd1283d7f11fcd285ea3e9fd12801c7a7e2bfcc530f56fc3ff406a79e9f8aff00314c3d5bf0ff00d01a8003dff1ff00da94bd8ffb83f93521eff8ff00ed4a5ec7fdc1fc9a8014f53ff00ffd08d0bdbfdd5feb41ea7fe01ffa11a17b7fbabfd68001fc3fee9ffd9681fc3fee9ffd9681fc3fee9ffd9681fc3fee9ffd968001fc3fee9ffd9681dbfde6ff00d9a81fc3fee9ff00d9681dbfde6ffd9a8001dbfde6ff00d9a81dbfde6ffd9a81dbfde6ff00d9a81dbfde6ffd9a8010746ff7ff00a8a53dff00de5ffd9690746ff7ff00a8a53dff00de5ffd968003dffde5ff00d9683d1ff1ff00d04507bffbcbff00b2d07a3fe3ff00a08a005ee7e83f9b52d2773f41fcda96803f981ff83a722f89f6bfb1cfc10d7bc25e26d6b49f87907ed0563e1bf8afa4697a8dd69f65a8d9f89fc1be223e11d5f5e5b578c5f69ba0ebda435b41677664b53ab6bda6dc792f7105bb45fe6c7a85b4f617d796b2078ae2d2eae2d65dc364ab3c32324a5b1cabef07736771249c9c9aff005eff00f82bf7ecfdff000d35ff0004e0fdacfe175ad9fdbb5f8fe17ea1f10fc236e90b4f733f8c3e11dcdafc50f0dd959a461a4373abea5e128b4402205de1d4e68882b2303fe48df10a2dbae4facc11c5bbc43a3d8ebc81d62b88c5fb45126bf180d1f92c20d4f4fd6202eb1ab0d8cd19405426d87a13c56270f85a73a54a789af4e84275b9bd9c65565c91e6e4f79de4e314a3ab728a5b99d6aaa852ab5e509d4851a73ab38c3e2e4845ca4d2ead25a2babf7479cc8ed3a324ccd32161b96526446018150cb26e438382060720678e2ba0d17c5be2af0ccab3f86fc4be20f0ecf1baba4da06b5a9e892a3c637c6e926977568e8c8dca32b02bdb15c9c5ab5c9ded2c3612b2742f14b6e368fbc01b39adc03d382a41e791d2a48f5ab66770d6366587006fd403f6c923edaeb8c9183bbea2bebe5c079e2768cb012565abc6722bf55fbca10dbf1e97d4f9cff5bb287b2c6ab74786e77d3fe7dcdef7eda757b1f58f84ff006ebfdb73c0eeade0dfdb1bf6a9f0aac2aa9145e1efda17e2e6936e88bb82a0b5b3f17c56c1541381e560700600c57d1de13ff82d07fc1567c1455b43fdbd7f68a9bcb2a42f89fc61178f108881540c9e3cd3fc4aac3006fdc0f98799371afccd5bab37661f65994019222bb0b83927399ad253d09fd31531beb039020bd4c8c166b9b79c8f70ab696a0f53905867aee18c572cf82788e0aff52a7257b5e38bc3efdad3941fe1e8d9a478b32292bbc64e0ef6e59e1b12a5e4fdd84d59f4f7afa6a975fdbff0affc1c85ff00058ef0cc90197f6b45f13450281f67f157c16f811a9472fcc48fb4cf65f0e34bd42638f94b2df44c40fbd9e4fd37e13ff83aff00fe0aabe1e2b16b507ecbfe385051d9fc47f077c45653b20182a24f07fc4af0ac286424331fb2b6d2308a01e3f9a55364096f36f1382b836b0484f5e726f6dd463d01279e86a48c5b60833cd1275669ad02e0f1de0bab80a3a7073cff00174ce12e10e2583b3ca3132d13bd39e1aa2d7fc38bbdf4d7ddb2d35d4e98f116473768e6785beafde94e0b4df59524be5bbe87f5c5e18ff83c33f6d0d3a4863f19fecb1fb3278963450267f0e5f7c52f07cf310a0128da878b3c690c19254e3c89f68047cc48afa4fc2dff000796ea71c823f1cffc13fece44daa1e7f097ed1f2a32b617732daeb3f05dc329c92233780838fde63aff001102d6dc311f6eb50003b72b7e1980c0ced3a791818c1c3100f73d6a56699a34896f2d2448d9da388b491ec690289184b35bc6aa1b6202a650991b800ccc5b8e5c3d9f41da593665b5f4c1d69afbe9aabff03adb4bf44739ca26af1ccf01bb5678aa507a795474bbe9aebd13e9fe80be15ff0083c5bf653bb8e1ff0084d7f643fda2f409dd333af857c43f0cbc5f0c4f9219629358d77c0b34e8170caed6f0b1276ece3757d21e13ff0083b53fe097faf951aff87ff6a2f0212caaefaefc26f0e6af0c659199c9ff00842be2278aae4ac6e446c3eca252c432c6cb9c7f9b4ac1704f2d6ac98c0d97b62c77118008172580e7b8193d09e29d269976f964b795c93d61db72b8c377b733004038218af7ae49e5b9941da797e3a2f7b3c1e2ef67d74c2be9aec74c71b829be58e3707276bd962f0b7b2f2fac9fea53e14ff8398bfe08e9e258e26b9fda63c43e159a49369b6f14fc0cf8df68f0861c34f3e99e01d5ac635058ee637676956ce0019fa6fc2bff0005bdff00824c78c648a3d23f6f3f8016af2b90a3c4fe27b9f04004a87c48de34d3f4058701c0632940ad956219481fe4709677f19d8d657640cb1db6b31c16e993e5af1cf2718c91c83c5452473248c4c6e848036c91c8a70540e72a02e7ae5885c77c915c928ca0f9651717a3b494a2ecf66e328c64afda518b5d52378ce335cd19292bb578b8c95d6fac6525f2bdfba47fb2ef853fe0a0ff00b0778ea38e6f077eda1fb2af895660ad1ae8ff00b40fc28bd99d58850441178b1a61f323260c60eec0c7233f467877e22f803c5a914be14f1b784bc5114c81e197c3be23d1f5a8a55640ead149a75edc248ac8acca50b02a0b03b4123fc43585b91c2a3bee1c3856600e0678c8c8e3183c0ea3ad4b677775633a5cd8dc4f63731f31dc594b25a5c4670bcc7716ed14c9d7f86415251fee3e5c7bf51fcc7bd377025b1fe7e56aff0014df097ed37fb46fc3f083c0bf1efe32784562688c5fd81f127c5da5bc3e5e028b792d3578e4b55ce0b2dabc2ae5222e18c51edfb5be01ff00c167ff00e0a5dfb3f7c42f0b78e345fdb03e3b78fb4df0e6ab697d7df0fbe2c7c4af14fc44f02f8ab4d8ae219aff00c3face8fe2dd47588a0b3d4ede292d85ee9df65bfd31a5171a7dc5bbab0600ff005de3dff1ff00da94bd8ffb83f93578bfecebf1afc2bfb487c07f83bf1fbc0f217f097c66f869e0df895a0ab3a4935b5878c7c3f65ae47617450b2adee9ad7afa7df440930de5acf0bfcf1903da3b1ff707f26a0053d4ff00c03ff42342f6ff00757fad07a9ff00807fe84685edfeeaff005a0007f0ff00ba7ff65a07f0ff00ba7ff65a07f0ff00ba7ff65a07f0ff00ba7ff65a0007f0ff00ba7ff65a076ff79bff0066a07f0ffba7ff0065a076ff0079bff66a00076ff79bff0066a076ff0079bff66a076ff79bff0066a076ff0079bff66a0041d1bfdffea294f7ff00797ff65a41d1bfdffea294f7ff00797ff65a000f7ff797ff0065a0f47fc7ff0041141eff00ef2ffecb41e8ff008ffe8228017b9fa0fe6d4b49dcfd07f36a5a00a7776f0dd43716d711a4d05c4324134522878e58a58cc7246e8c086474665652086524104122bfc7dbfe0a29fb3e4bfb327ed2ff001efe0c4d6525a5a7c0dfda13e2178234981f7891fe1978a351bbf157c34bb72c03347ac787cdfdfee3b818f50881767dceff00ec1edf78e7a719fc857f9f17fc1d19fb34c5e10fdb46efe2be9ba7797a7fed2bfb3ee87e273742360979f123e025ec9a1ebe542b6d335afc3e8bc1b12e04665935671b4c81a65a84e54e519c24e338ca328c93b38ca328ce324fa38ca11927d1ab9338a9c65095f96719466ba4a328ca328bee9a9bbaee976d7f8efbab236ed716ec4fc933c4e080a7723152c339e0e323ae54865e0835986d9c36e1973d38f4c7a7d7be6ba8bd4825f266dc55ae2089d89e8648835bc8c4007e695e2333707065f7a816ddd06146ec9cfcb93fcfe95fd3596c566180c16369c79962f0b42bf2c25cdcb29d35ed63b2f82ac6ac7cac96b63f05cc14b2dc762f04f9bf7188ab4d7347de70525c8dbd2fcd07097359369a7645316d2b1c70bee7907dbf5fd3d2a45b50c580246dce4920f3c93dbbe47eb5ab6d05d7cdb2272a473f297c118ee808e339c67d8e2a54832c4c918e49cee186cfe9c7e1fe35ebc7070853e757e5e6b6b2bbbffe03b1e3cb10e29b7285ee972ad65af5b767dee65852f951d4834012447f890edc1238cfa673d718c8ff00f58add1643702abe51520e464377ebec78fcaac4ba633393e6230c01f3a367233d972075f5e86b7797cfa2727da32bb5e76b2d3e6652c5c5ab49a8aeed595fa6b77f71890bc4e489620cd8cabab323039193f290377b91cf39e6af45a617c982550d90a166caa827b0650f900039dc17279c8e86e369570a788a4947fd3301bfc0f07afca074e4e6aedbc12210268d9402490ca578231c060ac7273c8c81dc82707ae9e1972daad17cf7f8a51b2b69657befbf4396b629460dd2a8a52d2d1ba946fd5f2dd7cddf7297f64dda1fde5bb30c13bd4acb1638c309232ebdfb9cf3d319ad2b5d2890763ee23391ec7db6e0fd074e9cd755a67ee89d859760cf048ce01c0f97191d720f538aeeb4ab7b5bb63f69b585cb315324482de500139cbc214cac70399964fa138afa4c064b4abcb92325095ed79f33f8ace3efc55eda3bfbb656ea7cd663c412c373b709c79346e9b8b7a5d3b29e9af9599e5234791f8442a79e7676e981efd3bfe155a5d06e9728b25c2376f998264f18da1873c924915f445b783ecae4ab5bdc3c724bc2c178b9da49ced5b885093c83c3dbaf43f30c0ddbf1f80f508ce26d3fcc881cb5cc016e615520f324903ca2239c6d59363762b9e2be963c092c641a9508d584d35cf4e947114e5156b38a8c6695d3ddc6328ed2516f5f9c971dc3072f7311c8d5bdd9cfd84eedddb4eaf273c6f1fb0e5176f8ba1f1c5ee9daadae71797d85ced06799a3cf391b778079cf552074c63ae0b4ba8ab159276970483e743148b91dc34a921c8eddb07b77fb7afbe17497f1e2da3058a92a36925b9e801cae727b0047af35e41e20f8637da5973736b2246725984446d1ebe8327190093dfd71f1f9df85d530bcd5de51879e15b94dd6a981c34a116bbb9e1e4d38edbbdec96a7d6645e2a51c6374bfb5670af2497b378baaa7292e918fb5d6f7bab3d6c7822dd5e81b775b63ae5acac89fc0adba91f8103ae41cd31eeee508678ade55dc0e3cb9230deaa3cb99114901802b1fcb9e3e5c83d9dd787d6de391b6ee642c1405c927042820818e7049e7a631cf184da64ae0b61cb1186f97e5c00703f967b7279af82c570865d3928d4c9b015149292be0e843e1d1e918249ae6b2696b7bbd8fbbc2f17e62d4650cdb12a9a93b45d69d9c938b778ca725696cdeed37667fa477fc1a97fb532fc65ff827aeb9f00f56d4fed7e27fd947e286b7e15b0b79a5f36f0fc2ef896f75f113c077d29272b026afa878e7c3b6512feeedecbc376f0a2c68b1a2ff00505d8ffb83f9357f99dffc1ac7fb51bfc0bff82905afc1dd6b51fb2f84bf6aff0086fe22f862f6f3c8f1db2fc44f01433fc44f87fa84a77147b87d2f4ef17f84b4d8d94196e7c4e91232c86349bfd30c1054e3fb807e86bf9b735cbe5956658fcbe492785c5d7a7149592a7ed253a29792a1528a4faa49f53f79c062e18ec0e13190b72e270f4eae9b29b56a915df96a46a47d636e838f53ff0000ff00d08d0bdbfdd5feb41ea7fe01ff00a11a17b7fbabfd6b80eb01fc3fee9ffd9681fc3fee9ffd9681fc3fee9ffd9681fc3fee9ffd968001fc3fee9ffd9681dbfde6ff00d9a81fc3fee9ff00d9681dbfde6ffd9a8001dbfde6ff00d9a81dbfde6ffd9a81dbfde6ff00d9a81dbfde6ffd9a8010746ff7ff00a8a53dff00de5ffd9690746ff7ff00a8a53dff00de5ffd968003dffde5ff00d9683d1ff1ff00d04507bffbcbff00b2d07a3fe3ff00a08a005ee7e83f9b52d2773f41fcda9680226e5f1ea47f4afe6dff00e0e65f81f0f8cbf639f865f1e2db4e37779fb3cfc66d124d7e68e2124c7e1cfc57893c0de23d38c80178adb50f167fc2be13e43c6e913abaed2597fa483f7ff15fe95f25fedd7f0293f698fd8f3f68ff0081696b0de6a7f117e1178cf48f0cc739558a1f1adb69536ade06bd666e17fb3bc61a7e897eadd55edd4820806803fc6dbc6da44be15d6fc45e1d97f78fe1bf11ea3a50603026804b2450cea3a2c4d1d9c3244c09575b80549522b9eb39566731608ce1979079f97a9c7d0fff00aebdc3e3fe977126b1a56b5f669ada7f18783ace596d96265962d6fc3121f0edf24abb15d6f2fae341b4bb9e27513635747650f2281f3d69897f1c8aaf67770f96aa4b3db4e9c30ce3e6419ce460f5c83c7193fb5f87f9baa99653c1559c54b05889d1873b8c53a15a4eb4209ca514b91caa5b5d54ad6d2e7e53c6d964febd5317460dfd62853a93e58ca57ab4a3eca536a2a4eef961ccadab57bad8ec8c328271b97e61f329c0e806338ff2715b504d704619f7a0cae25549738c10196456523273800678ce481886c51ee20712dbdcb87da49f2265c1e3072c991ec707fad5c5b6917188e4215f70f958fcc3b118ce3b7207bd7ed5867ed231ab4e7ee493b4a138b7d347cae6bd55fb1f92d7f6b093a5520e2e0d5db84a29b5b59c945fe16ecf72f580827b8f2e6b3b59146308b1fd9b249e84db18bdf19071db1d6ba95d3b4079009a1bd81db8cc3751b42a4f3911cf6f348718c01f691dbe63cd72d66ac8e37230c36ec91c7ca38c73d727a7ff005ebb258c7d996e09f9f204a07dd01ced8f18e8491923d067ebef65f4e94e355ca952a92a6b99f3d2859c1daf67154db92d2cafdcf9bccab4e15212a556ac39a2e3685592575b35193aaacefae9ae9b1b365e14d3a7526d757111c6765de9f2471904838335acd7b2b8c7522d91b3eb5d7699f0ff005197e5b76d1f568989da1351b3b70e09ff009e5abb69f233f7f963cf5e0679e32c2e5a35cafdf607792011c018c73d718cfe35de689a9481a1632105c316660402463a60fe7c74fa0c7dae5b86caebd5a71ad84924ea5d2a55aac79547476553dbd2bcaf7f822b4f7b9b4b7c5e6d89cd69d2aae862e2ec9d9d4a50f793f86ee94a856f76cf4f68efccb952b59f5f65f08ae7cb2f7de14d66d60003adddad95d0b6c1eac9342ad6ccad9e1919a323079c291b36df08a4b9f2974abb904a00fdc4f09dd8f4fbf1b7dee0e431dc0e000307b5f0478b2e34f9125b5ba9609005fdf432bc6e471f29da4630470461b3c9cf20fd41e19f884b74918d423b4d45f2b91a8dada5fb0278e1af209d9412dfc24678208c0afdb387b81f857368d373ab1a729b4daad4a9d3e5bdaf18d6c1b836d3b5b9a8d9f9ee7e17c55c6fc5d94d4ab3a541626117f02c4569465277bcdd0c553ad15b7d9acb7d795eff002347f0cfc59a6b23b69af32a606e89b682a0127026116e3bba6d2fc77aeebc3da56a96462fb4d8dedab2f2aef04d18183f7848176903382412391c1afd10f096abe14bf602f7c3f62d16d39f23ce876b1c600845c1b518ee05bae071c8181eb5a4785fe0deb57016eedf5fd099895175a32e9da93090ff00cf5d3ef5b4c82e559437ee06a5684f23cf51f357e9d86f0c70396d3fade171b8d9d3d24a9d1c352c54a4ed7b53853ad4aace7a7c118f4d1b7a1f87671e39e32557ea39c70d56a6aee12c6509354296ad735551756d08fda95a49732bc523e06f0ee8fa55fa81a869d6f3bb905a541f669c8e324cb10432b938cb5c098f75c57a24bf05fc23e26b6304b24718941012f514b2b363817310c01c0c6e8001d4b1e83eefbffd9e3e1c25fc5fd91e37b2bbb1b9b2d3afa29bc47e15bff0bdec8b7d636f79246a3c3b75e3885cdbc931b67966d4610678a48d963f29c9f6bf0b7eca3e0ad77c1f7d2da5bcfa9f8b1351b5b0d12cf41f16d8eb2753b5bbd3353d5eeae4e8ba3cb1ebb64da55bf876fa30ba9470c3a85deb1696223fb540918efaf98f0765596d2ad9bc2188c3e22b50c2cbdae5188c2ce0b1359d1f698e58cc3619469539c5ac4549d59468453939422a57f8ca9c6599e6b9b56c16438fc761f1d84a598627fd87114f3349e5f86962eb50c152c2e26b622be22a51a73faad0c2e06d8a9d3953a339cdc14ff057e277ec07e3992d6f35ef877a5cfe2182da292f2e74ed387daee4431a962608e032b4876825513f78dc858988afcf6d67c17a869335cd8ea36171617d6b3490cf6b730496f710cb133472473413aa4b1488c36c91c8aae8d956553903fae5d3fe017c51f07dec52f866ea6f0d6ad6cc8608bc4b69e20f096ad05c4451d4d9cd7dfda71172c06d91e5b40b805b0ac40fcd6ff829b7c3bf8996da87c3df89df16b44bb9358d7ad755f08dd789e69b4bd51f5a9744962d5b4cb8bad6b4a9a57bdd565b4d5f50b42ba9335f7f6768b6b19cc36aa91fe23e23f01f056227fdb5c398fc9b0d4aaf2c6b65f4b193f6d52ad4e650a984c2d4a75e84a8c1c651a8b0b984d414a0dd151bca3fbd7823e3671966f8b7c37c5186c46649c26f2bcea180c560ab5386129ca557079b50c4c6857a78a9a84951f6d84a1294a94a8c9b92839fe277c2df1af8b7f675f8b1f0c3e3d7829e48fc5bf06fe22f81fe2ae80aa65884da9f823c4ba7ebb6f67398d959ad2f56de5b6bd4cb2bda4f708cacacd5fec91f07fe26785fe34fc28f871f183c1378ba8783be29780fc29f10fc2d7a8cae2ebc3fe31d0acbc41a44c4a1650ed61a841e62677249b9182b2951fe3a9e20b7d36e22b94468d9248e68258e6c8629346f1c8bc701882d8f976a9e40c806bfd0effe0d80fda825f8e9ff0004d5d13e146bda98bef1afec9be3bf137c14d462966596f1bc1b3ce3c65f0daf7030c34cb6f0ff008826f07696c54298fc19322644642ff9d7e38f0bd1c933ec06638571950cd30b3c3d670778ac5e5ce108b9bb2f7eae0ab5369f55465a2b6bfea2f839c49533ac8f1581c4732af9662233829c25097d5319194e37e6b3b53c4d3a908e9a46495dee7f46e7a9ff00807fe84685edfeeaff005a0f53ff0000ff00d08d0bdbfdd5feb5f881fb080fe1ff0074ff00ecb40fe1ff0074ff00ecb40fe1ff0074ff00ecb40fe1ff0074ff00ecb4000fe1ff0074ff00ecb40edfef37fecd40fe1ff74ffecb40edfef37fecd4000edfef37fecd40edfef37fecd40edfef37fecd40edfef37fecd40083a37fbffd4529effef2ff00ecb483a37fbffd4529effef2ff00ecb4001eff00ef2ffecb41e8ff008ffe82283dff00de5ffd9683d1ff001ffd045002f73f41fcda9693b9fa0fe6d4b40111fbff008aff004a69fbbcfab7f214e3f7ff0015fe9498cafe7ffb28feb401fe535ff059ff0080137c01fdaebf6a2f01595a1b4b4f877fb435cf8e7c28123290c7f0ff00e39e9765e39f0dd95984002e9fe14b26f09e809b4796b752ba0dafbc1f9275af88da2f8a3e1afc3257f821f0a2c2dfc09e1dd5f45d4bc5f64be22f0d5ff8ecdd9d027d22f7c632785bc41e176d57c5da6bd9ea5730ea57f79aa6a5aab78ab53495d74bb1d0f4ad0bfa9dff0083a3ff0067516df1d7e15fc5dd36c196cfe3ff00c02f19fc29d5ee21898c23c71f07b5687c65e149a7c02b26abe247f11785b41b5190cda7f87254019613b3f97efd94759d7bc5ff0003be367c33d22efe29dd5e78774cb1f8c7a3e8ff000f23d0a5b0b4bff86f388bc4de28f15dcdfc90ebda1e99a3fc3cd66f6cacf5af0d1ba992f6eadedf56d3af34a79fc8f7787327a79ee671cb9d5ab4f10f0799e23011a52b7d631f85cbb1389a383a91738aa91c5c30f88a308f2cdc6b3a55211551299e4e7b9bbc972ca98d94212c32c5e5b471b39c232787c262731c2e1eae2d49c252a6b0d3c450ab565171bd0f690a8e74b9e9bf05d5756b0d464825b1f0fe95e1e8a2b68e278347bcf125dc174e1e422f2493c47afebb751c922b0062b5b886c82ed78edd189c7b8fc18f859a3fc4fb0d625975ad3b4fbcd06f6d16e6d6f6f35eb6b8d4ad753b5b9fb3496b2695a06bf6f1a595d594a938921826b96b9b68944d1877b5f0ef10e97aae9da8dc4baad8eb166da9bcdaa5acbadc12c579a85b5d5cdc30d41e691425e1b99d2732ddc2f2c535c24e565936976f61fd9c3c4ebe1ff1fcb672dd6af6b6be21d22ff4f73a2490c77d25e5a85d4ec4edb9d4b49b792343693a3a497d110b3178d6495638dbecfc31c26439a71af0fe51c4b87962729cd3193cbabc2188c5e1a50ad8da3528e06ac2a605ac4ca54f1bf575ec60ff007aaaf2bbe89fc778918dcf72be08e22cd786f111c366f94e056674673c3e13110950c1d6a7571b4a50c6c65878c67829579ba935eeaa0d27efe9e93ad7ec99af585d05b2f19687acc533cf22c5a6d8788a5362aad105b6b89353d274869e485e7fb2b4f6f14914b2c32b0f2c346ad068dfb2a78c35db9d52d6d3c5de19b19f498eca59ad750b4f13a4f3c57d0dfcd0cb6eba6689abc681bec12a7fa5bdab39f25e14922919d3eacf09afc41f1b78a7c35e09f09e9be2dd73c59e2ed774cf0cf86745b1d72c61bad575cd5e78ec348d2ad9eebc496d68b717f76f0d8d9adcdcc71c9733c30e434ca4fb5e93f06be26df49a6f88344f04fc57d906afe39f84de33d67581f0eb55d09fe29f822c353f166abe05f0feb17fe318b45b8bcb6f0fe897da9c565aa6a9693ddc177a8cf6b35dd82f9d75fd73c41e1c7807c3356ae579a6614f28ccf0596acf31f1c5712f10e0ebe1723e79d1a99be26956a50853cbe356128caa50fadbf694674fd8c546738ff2c70f71b7d22788729c3f13e599163338e1bc76752e17c0e6387e1ae1bc5e5d89e28f614f150c8b0f89a388ad565993a12e7852c4e1f050946ac5c315567fba5f8b3f143c2f3fc37f102e8babeb1a45c1785648352b29a682c2ed0bcd196b73a84365764096de64c4f696f2e230ef120650793d3fc43a5305275cd303200ca1b51b55e381c932ed3d7a6735fa17fb6bfecf7e23b1f007813e2478a3e1f7c46b385f54d5f48d7b5ef18ae8696515ec92cafe1bd2e48349f106abace99ae430691e209ef6db527b9b13a7df68d7163a8137d15bb7e7be99e06f07cf12f9fa242eecca41f3ef4e339e99bafba40e47e58e6be7f86331c9f33a999e1bc3ecef21e23e15ca733ad96e579951cdf1398ca541d2c362a9e1ea62e852a91a953073c462b0f53da355631a749d48fbd072f73883079860b0997627c40c9b88386f8a330c051c5e6d96d4cab05809c71309d6c3cf131c1d7ab49528e328d2c2e294695e8dea5554e5a4d47d53c37e26d2f746875ad348f94ed37b6c4f181bb89060027b9efeb5efbe1ef115907b764d534d901048537b013b9475cac857a671824e4118c62be68d33e15f83a5c997438093b76b2dcea2bb88c6d04ade2905beee0f4c8ee057a568ff0008bc027caf3fc390643c2d227db7555dcaec51dd36dfae08e801f5ea4d7ef7c2b5f8ae8469ca383ca2a528a8b73966b98415dbd55ffb32576bb7557ec7e0fc5185e0ec4bacfebd9dc749fbb0cb32aaafddeabfe14a96f7dfa69dcfd01f056af6b77611cb6f7f14b12858d952584ed4010e1553a6391939f4f4af7ad02ed8a2471a3109868f11860781825d40c8209ce78e9c57c03e1df839f091caacbe118fccdeabe61d5fc428a13278665d55531b78181bb3c735ee5a07c19f8590f93e4f85c22edcfc9ad788b6860410c3fe271f7bafa8e48e457f5170f663c4f52851e6cb387a5ece942327473dcc2fcb67cd6854c937bdbdef69e91dedfc8fc6791f08ca788a94f36e238294e7250abc3b96a8c6fadb9a9f113e77d2fcab99377b58fd1ef0e5db6a3a2584ec093617336973e323cb8e72fa8d93b860a035c3cba9471ed07e4b26c80bb09f60f056bf79a06a314d6d1cf7049b69e2b2836abea375a5dfda6bba6697e63fc8a9a8eafa569f67723203db4d344fba3628df0f7c33f879e07b56d574db5d2f51b68f57d2dd248a0f14f8b6085a4d2e68b528e42906bf0832456b0ea11c12618c26e0a45b4cce1fdc343f85de0eb59ade7b15f135a5cc32c33473da7c41f8836cf1ca8eaeb24525bf8a62923652bbc14746deaa770e2ab3bc1e3332c06699762f058374ebc2bfc38c94d43eb545d6a7517360e2f9a8e27da38cadef49732b389fce39ac787f86788f27e21c2e6f9bc5e031581c672be1ea4a2e781c4d38e2a9a952e21778e270ded70f25a270c4558cb49b47ed4780bc672db88a1d2b5ab9974cba5592d9ad6f66163a85a49b64b7bb8e2de629e1b88d9268d9d595a3954a92acad5e0bff00055cf83917c71fd80fe2b6a5a3691a4b78cfe0e1d23e33e90f65a369b6ba8dc59f849ee2d7c6ab2ddd95b4177710c7f0ff0057f15ea92c734b3b4b73a6d9b05322232f91e95fb3cf816d22d0e09ef3e29430a69b6125a1d13e3ffc7fd16c6cf4cd46c2cb5dd0349d3e2d2be27d9db411e8fe16d63c3da6dc43690416f6b7f6d796b1228b7207d69e06fd96fe0cf8bb459f45f12eaffb42ea3a1eb76173a46ada67fc35dfed546c751d2b53b69acf51d3aff4e7f8c874dbcd3ef6ca59ed6eacaeada7b5b98646b7b98258249633fc3dc5f9755c351c2e7782853a15e8d68d79d7a338aad52a60eaca957552343ead1a9cf1a38aa528d47351755ab3518b7fe8778579de5d4f34af9257c7d7c652a2ad430d8acb6a53f6785c5d1c362f08a8d4af98627d97fb1e6385e4ab4a34fda47964a293923fcfbf5abd9669b3957500e0655865415cee00e472463278f7e6bfa36ff83583f69f6f839ff0509f19fecfdac6a0d6be15fdae7e13dd5be996d24a12da6f8b3f069750f16f87490e42f9f3f80a7f88d0b3a112dcdccf610b236c8b3f877fb47fc12d5be08fc5cf8a1f09b55f35b57f86de3cf16782a7964478cea10f8735cbdd36c755b64217369ab584569aa59b636c9697b0ca8d2232bb707f00fe387893f664f8ff00f033f689f0f89df5bf811f16bc0ff136dd6d9dd25d4b4af0eeb9633f88f4063939b7f1168cb79a45e825524b1b9b9865dc8f83f8af8bf9355cd386b178b929d5a9818e1b3ac2558af697c372c562127eed954c1e2b9e5e7456ba6bfdb5e146734b01c4387c24251851c6fb6cb2b536b9651ad2719e1db4dead6228a8f9baabe5feccb90d923fd9ebfef52af6ff00757fad72be07f18787fe20f837c29e3cf0a6a10eafe17f1b786f40f17786f55b720dbea7a0788f4db4d6747d42039398af34dbeb5b88ce482b20238c5754bdbfdd5feb5fc847f5400fe1ff0074ff00ecb40fe1ff0074ff00ecb40fe1ff0074ff00ecb40fe1ff0074ff00ecb4000fe1ff0074ff00ecb40edfef37fecd40fe1ff74ffecb40edfef37fecd4000edfef37fecd40edfef37fecd40edfef37fecd40edfef37fecd40083a37fbffd4529effef2ff00ecb483a37fbffd4529effef2ff00ecb4001eff00ef2ffecb41e8ff008ffe82283dff00de5ffd9683d1ff001ffd045002f73f41fcda9693b9fa0fe6d4b40111fbff008aff004a41f74fe3fcd294fdff00c57fa520fba7f1fe69401f853ff070f7c1bbaf887ff04fbd5fe2768b66b75e27fd9a7e26f803e33693fba32b7f67a6a32f81bc49e6e0318ec6c748f193f88afdf695587c3e246c189597fce8fe13cba0fc22fdabf51d0353d0bc3daff83ee3c55730dae87e32bff10691e18d43c31e298e51a05c6b5a87866e6d7c4165610da6bda1eb925e69129b984e948f14770035bc9febb5f1f3e15695f1c7e097c5df839aeaa1d23e28fc37f1a780af5dd438823f15787750d156ed5720f99672de25dc2c08649a18dd4865047f911fed4de15d77c09f13fc05ae6ad692e95e20b41a8fc3bf16c243c6f63e36f86bac4be1bbdb27f983a49a4e8b73e1a4932124592de5918978ddcf665f5e9e1b1d83c455f6dec68e2684eb2c3d7af86af2c3aab4962614b1185ab4313467570af134954a15e9558fb56e1522deae388c561270c5e07eaff5dc2b788c17d730982c7e13eb74a152587fad60b31c263b058ac33aae1eda86270789a356178d4a538dedcaf8bb42b1d22f351b1b5b8f0740fa1dddd694f1787ef3c49a85d6be6d6e8d9c5ae493df0bdd1d85f5b4715fc5269571a669d3da5c096df4e84a9863c0f0f6ad2683aee91adc6096d2752b4bfc06285d6daea39248f72e1b6cb0abc4e33868dca9c8241f79f8b91fc6ad66f2dbe2378db448e497e31d845e29b2d4b4df87d636b63e25b29b4dd26de4d4f4bbc8743920b6963b5b8d216f2db4ab98bcbbbbf82e44715f5c4f2cbe072e87ae416af7b3e89acc3608c55efe5d2afa3b1462d1a847ba92dd60472d342ab1bbabb3cd1c6aacec16bdec56268e5d9ed5c66493c453c3e0f3358dca2a6269ca96269d2c3e3a9e372ea95612a95651a94dd1c3b4e556727eca3372bcddfc054ab66595fd5f39c3e1e189cc32d961738c261e509e1a1571b83ab4331c3d2f674a8455192c6d750a6a8528d3a5569d285354a951bfeb278efe39d85c785be19689a747f0ff00c33ae7c39b0bad53c2bf10fc07e16f15782bc73e22bab39f4df1069b7be24d76eed3457d635bf084ba5d8ddd8f8874ad26def2ce29bfb426d66fee2592fa5ee3c1de02f1e7863e1a69dfb4c69c22f127c2df0ffc58d1b47d7342b9d4c6ad67aaeb7268a7565b0f10f86eee1974db9d1fc53e1b4bff000f5cb5e4b39bcb2d51ecae6d56c3578e4baf8c7c0dfb4cfed05a6e91f04d3c25a7695e2ab7f85d65af783742d25bc037d2c179a178965beb3f10f827c65a8e96d62fe37b2f17c7a9c8675bdbeb9d4f4a5781348bad21edec628702ff00c5ff00b40580834fbcf85165a54fa53c7a6cecde10d7f4eb867d41bed3a7da5d44baadb5b5b3185b6e9b6b6f6d6b02d98c2a318d997fa9f11e2ef8799d67998e0b8b787f2ac0e0f37e0a950c066d4f86331c7f14e3321ceaae710e38c9a50c666587c651c969e2f30fac61338caea62f22a58dc3d2a75a8fb5a7083fe6ec3783fe2fe47c174aa706e7dc538ecaf25e36a99fe79932e22fa9f01e5dc45c2b82cba5c13c4f8e9e5d9562f27967783caf2fc552c56133fa381cf30d9756c456a78f8616ad69afb1bfe0a03adf8a7f681f89973abfec8ff0ff00c7d0fc13f1ff0084748f8a5f19be17781f41f1b8f01e89f16b51b836be28f132e99afe87a2cd7516b3a3f80bc31af45aa258dda5d6b3a7788b566d466d6359d6238ff1ead35116f2921f72096345e7e52a4fca548e482b820f420e471827f557e15fed31fb7efc17f0fcbe3bf0c7c368a3f07786fc19aa7c0cd4753d77c0fa98d0ad3c35e20d5e3bfbcf086b97f63aee917b777725d5ebdbdb5aeb1777173a7e9d7ef0411c16eb1c907e47f8d258f46f10dd26a962da55c5c4af7874eb685c5bd9b4ecd20b5b4f3eea6716d04524496e26b9b89bc8313cf2cb233b9f8df0db03c33c1989af4f8467c452c833aa50c6c31f9c644f2ac055cc68d1a2d7d431186c1d3c0622788c1d39de10c45594b0d84a7284e51a0e2fdfe33ce73df10b2fc3e23883fd57af9a70fd4a99672f0e71050cff0010b078ac456ad3a58d8c71d89ad42a51c4d6a4e3cf0a493c4c94973d6e67edde1ed664999208e4dc54863efb14e71dc0f43c633ebcd7b3693a84d3181725e7519383f37944aaae73c05de4e7b839cfb7c87a37c40d334c58e48b46bbbc75195f3efe2b64ce72331c76b704ff00dfe5383d338af4bd3be306a44c325a699a2d83e40dea973753e7920992e2e5a27c8e5b16eaa0e30bd71fd51c37c659661a1055f33949ca2b9a187c3622a4f934bca339aa346fb68ddd6cee7f2f7127076675e756586cba1187bd14f115e8d3bce57de3075aaf2fa457935b1f78f856cf50bf914956625230c00e11c72aa4678201c9f6231c9c57d23e19f0aeb7345114889401339f9517208dcccd8500772580e463af1f993a67c73f13c45c49e20b8b30cc19e2d356db4b058a8503ccb18ade42bb400159d9401850064576369f1e753c871a95fcf305c179ee25b963d0100dc349d491c87e702bf7fc83c4de13c2505cf2c7caab824a55e7422e51567cdeca9aad38c5e9c9cf3ba57e6dd5bf9db89fc2ce30c7ceaaa53c0d1e66d7fbbe3310a2f5f75cb9b0f096eef24acacac9dddbf637c13e1f9f47d4f4bd42f356f0f5adb58de5b5d4ff006fd734db08a58a2915a6b669eeae9215f3a30f0b2b939590ed0cd815ef0e3c1fa46a371667e24f84357863b8945bb785ee6e75fbebc8373fd9ae2382da18ed22372a55becb75a9c5731b315786340643f841a77c69d6effe5bab999d448b8f32562148394d8a85300119072541006c3c1af6ef0cf8faf7508e279aeca01c13950189e369da15b6f190037046476c7d761f8af2ce21c442785cc7138583c3ba0e9430f829ca71755555355aa4aa4e94a12728fbb4e7171a8ef16d459f8c677e0be370f879acfd50cc6a43173ad42a52788c1d2a1074953952953c3d5a92c446aca2ab4d3af49c6708a8bb391fd057803e26f87acbc393decf6be27f12e9de1cb1b6d3233a8ae9be0c3a785d46ff0052d3d23732f8c56e57567d6f5e9670a914b0e9de1584a34491b2c7eaba27edcff0d3c1e9129b7f0c5a4a982b6f0cdae78c3568d94140af26973e9fa41989c8ff004cd32d6124b090101abf03fc3de25bc52a6db59bcb390210b2595e5c40e1594c6ebe6c6e8fb5a292447cb12c923a125588af6cf0cf887c376c9f68d77528ef0001e6975186d2f65603820dc5e45713212390518300382315e362bc1ee1ace563eae6357158cc1e2b13571d468d2c557a2e9fb751789a534a74b0b39cf10ead6f6d1c3c6caab8385e3cf2e07c5fc4fc1f2cba793e3313878659956132bfa960723c1626b6327809d6a783aef1f89a78ccc5ba580783cbd509e21250c152942a372b43e5cff82ac6a3e1bf8a3fb425c7c77f09e937b67a77c4dd134b8b5bfb658d869c1fc65e0ad2b4ef0ededcc565a75e5e436f6979e1b1e14991a4315c5cdfaea534d1b4a5d9bf1f35fd062ba8ee3cdf2ed1668e486740d8122ba329704e0165e0f0c0ab609c6549fd88fdb67f694f82de21f869a4fc24f007c3ab1875eb1f10c3e23d77e243ebbabdd6a525c58d8ea5a75be8fa3e90b3db681a56977116a37336aa7fb3ee2eefe7b7d318dc28b3c49f8c9a9ea31cb7733acaed2bf2a4b0242838209eca58827b93839e39fe69f1132be1fcbb138be1ec0e16ac32ba31af9652c0d6c6e1319570f845865874a75f0b52b466eac2be22a538caa4abd1a2e943151a559fb28ff79f8399bf13667c3991f10e6b2c4d2cdead1a18ead52a60f13849cf112c554ad07530b88f672a55a953861a359a87239de74a5283527fe941ff0006d7fed4927ed1ff00f04bcf855e17d6b5137de38fd9875ad77f671f1524ac7ed49a6f82decb53f87123a312fe4a7c34d7bc2ba4a4c4959eeb46be018c914aabfbf2bdbfdd5feb5fe7bdff0006a27ed427e1c7eda9f1aff65cd675016fe1efda5be185af8e7c27673c8c217f897f06a6b9bab8b3b046611ade6b7e03f1078bb57d40aa87920f0ad82333792ab5fe842bdbfdd5feb5fe65e6f9754ca734cc72caaf9a781c6e2b0ce56b3946957a91a526bfbf47d854bf555232b2e6b2ff004bb2bc74333cb7039853b72e330b4310adb2954a50738aff00055f6b06ba4a128ebcb760fe1ff74ffecb40fe1ff74ffecb40fe1ff74ffecb40fe1ff74ffecb5e71de03f87fdd3ffb2d03b7fbcdff00b3503f87fdd3ff00b2d03b7fbcdffb350003b7fbcdff00b3503b7fbcdffb3503b7fbcdff00b3503b7fbcdffb350020e8dfefff00514a7bff00bcbffb2d20e8dfefff00514a7bff00bcbffb2d0007bffbcbff00b2d07a3fe3ff00a08a0f7ff797ff0065a0f47fc7ff00411400bdcfd07f36a5a4ee7e83f9b52d00447eff00e2bfd2907dd3f8ff0034a53f7ff15fe9483ee9fc7f9a5003a504a103d457f989ff00c17f3e07de7c32fdb73f6caf042e9715a6956de28f877fb56fc3ab886d6ded95fc0df1c6d64d1be284e1a1d8f34a3e31dc5c59dbcbe5929a7e902272a96e8d5fe9dcff0074fe1fcc57f1efff0007417c14b47f15feca9f18a2d16d24b5f8c5a77c40fd8f3c61af34399ed357d7743d6bc75f04ade792331b358af8b8f8aef58dcc8f6b6b35ac72ec8e591678c03f881b5f19f89751f0be89a2c9e21d5e5f0f59493eb1a6e86750b9fecbd2f52d560b53abcda75a07586c64bc9aced175116a90ade4da7da4b74b2cb6b1325592eeee642935ddccc810c61659a49155032b050accc02878e393601b7cc8e370bba342b95f0c2ded6ff4bd6f4bd434ad5750d434077bd7834ed574dd2a4b3d1b4ebc175e216b93a8e9fa8196696da4bd8ece4820b896c2e2dc5d49a6ea76de7db2f73e2ad2adb497b28a1d0f58d1de781e577d4fc59e1ff14477606d1bedce83a068e9a798d894920b8b8be973f2b792c8c1bb69f27b38f24547e294ed18c14aace4e7566d4524e539be694ac9ca4db95db6df3626ae22b5573c4d7ad889c614a8c275eb55af52387a14d52c3d2f695aa55a9ece8518c68d2873f252a50852a718538429c3ddfe037c67f8abe10f08f8efe15f823519c7873c6ba9f84fc53e21d22dfc24be25b99b50f06df34fa0ead6774ba8e997ba249a3ea32db5c8b8d36f6d5eea79624bb7963b78a23f47fc41fdaebf6d4f887ac7c41b41a4db5cc1f16a6f076a5e31874df87d63e1c9bc53a97c329a5d4bc37af2d85beb97f2685abf876e2e12696efc3fa969ff006f8f4fb2bbd5c5dfd8b7db7c3bf0775a3a37c44d019e6586db53924d0ee19ca2c78d550c1666469711a226a8b612bbbb22a2a331718afdabf050f809e34fda3be01f85e69753f83be1bd47fb07c1bf10f58d0bc79e04d6a5ff0084e35fb2d77405d73c3be22f1459f8a3c2161e19babcd73c336b792eb76b7b1d969f65a8ea5aacebabc773ad4b8473dc2c38c78523c4bed964b82a3532c79865f4235f36cbb23cda78aa59b51c05074a786c4dabbc35454b1987c6568529cfea7528cb9143f25e28f16b8ef80b36c4f02f0ad0c8e8e4fc71fd8d8ac4d3ccbfb4654f36cd7155f30c8633c4558e171783c061f032af4a9e26aac4e5aa586c6c6b5775de1e3530ff00214bfb5c7edebe22f07fc57d0b55d27c3da97877e354f67e38f1d5eeade1ed0f4c7bbd43427d02c6cfc4ba04b0ebba3d8e83a869d7b63e15469b41b2b4733d869b15f41711c725abfe6dfed1dabf8efc73e20baf88ff00122f5757f18f88f50b8d4b5cd7db55b5d5eff5dbdbb756bed5356bb8752d4ae6e354b9b9685eeaeef64f3aea57329691c4ae7f53ff00e0a69fb3de95a0681e29f027c37f89daa78fa0f859e25f849f12fe06f8435d9bc1ff00115e7d1bc69636faf78d6c75bd63c0315ef8421d6fc1de20bad6f40d7fc37a76937161ab4105b3a432b4696b71f0cfedb12eb1f1b3e350f8e7a17c32f88be1c4f197c26d1f49f8af3ebff0ba2f0b584de3ed3f51f13cd16bf6977e05f87be16f03dc685a5e95a57873c3f2f8a756fec6d77c45a8ccba936916d67279365fa162f8931995f17e4592f0a66b9f63fc3ec253c2e228e5f9ee48f0b99d08d2c2258ea94f114a709d6c1c678cf694313430589a5429d0c560b32785a986a7889e590f0c7b1c9f36c666753c3ac9b37c4d6e5cc72cc87138ac5d6c6e27110be12a4733c57104b0787c628c70ef1b81a982a988ab3c450a787ad8cc562eac709f03c7792a9c1902707e40c49078c63d89cfe95b36da95d26e54958939240381dc7e78ebebcf3c8af3f4bbcbf9647cc14b165f518f9707a609e7d87ad69c17ec0ed2e5c609dafd41fef120e3f3f5f5e9fbb50cd17326ea4a9c6cd2927cb1bdd69cbaefdefadb647c6d7cb134e2e149cb46e36f5d79ad7bf9597a9ea369a94c8c9be4d9b7e666f7ee00e9fe3ce6bbdd2f581f2a19490cab82180cb01df8247e5ed5e0b16a6a4e03107925636e00f5c6d3f53d6b7ed359c205590ed5c91f37a1c7a73c71cf07e8457d365d9efb2a97f69294b77084b9adcb649df4d357756dcf91ccf218d685a54da968bdda7656d5df77ab7f2dcfa434cf109b770a6551c8db96ee318c9e39eb8c73c75e98f5df0e78fbc9942f9c00c2860c70a704761d4679eb8e32715f1843ac0187cbab12416638e32bc6703d01f518ae8a1f177d9c6cf332d8191d7b60720e7a13efd2bf47c9b8eea60271a91adca93515677972c53ba7aadddbf3e87e7d9cf02433083a7f57752524e4e3cba2937a3b6ba2d7fa67e84d87c494b705daf7233b915252bd380a40238c13804b60702bcebc71f1d3540d25bc1773a4443ab44939552070a70304803ae4e338af90a6f1bcc17ca499a3c705831236b1dc463be481db1d726b86d67c5cd217dd26f73905c31039cb0ed9e83ebd335ef66fe31666f00e8e1f15570b194249ca9d79733516938fbae2fdeba6f569db63e7325f067014f318e231982a58994657842ad08b50bbd6494a324af6f56f5bab1eadaa78aa3d49eeae6f64924769486f9b865c3101b9e7381dc743e82bccf54d483b148a4fddb9242872597960705b278c8001e99c570adafbec93e73b26c06663939525b01b1c720e4000607232335564d583c6c1a4055b800b1241ea08e98faf3c1ebcf1f89667c52b31b3a9554a4f99ce6e5cb39b94a52bca5677bb93be8ba763f6fcb385e3835c90a72508f27b3a7185e10508a8e91d39524b457d35f43ec2fd8d7f697d43f64cfdac7f670fda56c6e27593e07fc5bf0a78bf5a8ed8b19eff00c0b2df268ff113448d51817fedef056a3ac692ea77284bd9240a08247fb21681ac69be22d1b4ad7f46bd8352d235cd36c757d2b51b57596d6ff4dd4ada3bcb0bdb59509596deead668678645255e39158120e6bfc3d2def90cc12772d04aaf148ecc701244646207272a0961c75539c8c8aff569ff00837a3f6a73fb53ff00c12dbf67dbdd57531a8f8dfe07d96a1fb39f8e84971e7de457ff000a0dae9be139af5d809a4bad47e1a5e781b54b99e404cf757b70cccee198ff003478978551cf69e6504b9333c346551c5f347eb384e5c3d457b2d6547eaf37e96e87f43f01e213c99e0253729e5f889c617d3fd9b117af4d28f450acf1116efab9a56ea7edc0fe1ff74ffecb40fe1ff74ffecb40fe1ff74ffecb40fe1ff74ffecb5f9d1f6c03f87fdd3ffb2d03b7fbcdff00b3503f87fdd3ff00b2d03b7fbcdffb350003b7fbcdff00b3503b7fbcdffb3503b7fbcdff00b3503b7fbcdffb350020e8dfefff00514a7bff00bcbffb2d20e8dfefff00514a7bff00bcbffb2d0007bffbcbff00b2d07a3fe3ff00a08a0f7ff797ff0065a0f47fc7ff00411400bdcfd07f36a5a4ee7e83f9b52d00447eff00e2bfd2907dd3f8ff0034a53f7ff15fe9483ee9fc7f9a5004adc8c7a91fcc57e467fc16ff00e0259fc73ff8275fc669069bfda1e21f82f77e13fda07c2532f9c2eb4ad53e13eb76fae6b3a959c96b243731dcc5e0a93c551298e5557598c52abc4f2c6ffae67a7e2bfcc5733e33f0be91e37f08f8a3c19e20b65bcd07c5ba06b3e19d6ecdd5592ef48d774bb9d2f52b675604324f6775346c38cab1e6803fc6f7e2568f61e15fda3fc67642d74db6f0f78d6f6c7c69a5c3aac57d1e9161a778e74c83c4d662e534a4935111787edb5cbb461a741737314fa61582d67913ec8d9dae5be99169b697167a8f8345c59b3585cd9e84be3f3a96a663967b64d62f9fc4960fa0aadc456c976aba2dfe98820be80369114fe75ad8fbc7edebf0eaf3e1678e745b7b9912fb51f85fe35f89df01bc45a8595ca48baa5d7c37f185ecd67ad0bb87cc8245d5acb5fd474fd32e6395924b4d1119032464d7c43f11bc7561e3df17eb1e2dff008413c03e189b58d3f45b27d13c39e15b4b6f0f69b2e8da5c5a59bfd174cbcb9d42df4ab8d6f64baa6bd0f977b6571ad4f35f58db69d1b456b06d4ea72e8fe1d5e8b5bbb79ec672a7193bbbdec968fb7c8f41b6d4ed2d4fdbbfb5f4cb5bab19ed67b48a6b9314d3cc929912486550d6c9f669123771732dbee56cc2d3323463f72740f15fec81e23f82fe1cf19f8d3e377c31d17e3578bfc4da84f00d5be22c7a31d1f493a2e81e24d16df53b3d30ea365a7e953adc7886c63bc1a15b369de2182c6ca6d5d15cd9d9ff003931dfac677a695a040fe64933791e0cf86ab869276b82a867f025dbc70a3e122812558a2b655b48c25a8f24e16ad0596b93c12dedac25ed6dcdbc4b6365e1fd0223199a49cb4d0786bc3ba343752f992b059eec5c5c244440b288238913e872be22c3e5b86a942590647985679d70be7387cc332ca322ccf1f827c379a63331ab96e17119df0fe7af0d95f10d3c5c3039f61f090c2d4c5e1b07829c313471385c357a3f2b9f70170971662b0988e27cbf1999d3c160f33cbe183a798cf0784ad83cee950c3665eda14f0f566b31a187a11ad9066b4a4b11916693963e387cca8caae5d57fa58d5ffe0a01f01d34fbbd2bc47f1ca2b5f18ddc90a449a3eb9e04d5fe17cde15bcd2f44d2f5b7b9d6349927f16f87bc71e1bf11c9afeb5a5ea175791787758d1974dd234d8f55d5750b61e18f78f8b5ff00050cf80bfb437ec7be17d37e2078e3c4cde2bd0ac756fd9dfc6761a0e81e2af14deb5d7897c2d7f7ff000df52d5b58d0be1b4fa68f0d7893587b0d2bc25e16d6b5387c472ebedac5d78712e34cbfd67c423f93192ca19208ed985c88174b9b433026a5a9c292e8f35dcf7f2e9f7060bc8bed16ad777571308e65728652a8eb1ac689d95bf8dbc6963a3788fc3961e2df16d8f877c5f278327f1568763e30f1658693e259fe1c9dde03bad7b4db1d6edecb57bcf07c84cbe1ebdbf82e2f34cb867b9b59d2e649256fa5f13fc4bc7f8a389c9f31cd307f51ccf21c7e63532fad4330c7e214b26cea8e53fda3c3b3c446793e3e8651431f944334c06168e324beb19866585c555ad809d3a357f36f0f7e8fdc13e17e033cc9f84b0d47079471264b94e5599e169e5b9460ea2c670f6778bcd323e26a7530f84c551a9c5586c2e26965988ce1e1b0ff005ca780c3e22ae1a9d7af5d61fc97c797d17837c6be29f0aebd0ea5a1eabe1fd7353d2f56d1358d0f5bd1756d1b54b5ba922bfd2354d1f56d3ecb53d2f50d2ee967b1bcb0bfb4b6bab4b8b792196089d0a2f2bff09e787a3cb2dcccc4e4605acd9c1dc73caa8c72075f5fad7adf8aaee7f1e78a359f1978d1e5f17f8bfc47793eabe22f14f8aeeefbc4be22d7b53b96dd73a96b3ad6bb75a86a5a9ea170f879ef6f6e66b999be692563596743d0a24c8d0f43001206341d119b8ce32efa7b48dd3f89d8fa57914f8eb38a54a9d28c3052f674e30739d1ab29ce51493a937ed92e79b8a949463cbcce4d3b3b2fd4eaf09e5156a4ea3963139ce5392854a718f34a4e4ec952d3593f95b5679c0f897a1c1f301a83672331da20ce7271fbdb88f8e39e3af438e92afc5cd0e3002d96aec413cac568808e7d6f58824f6208f735e910db69f100134ed3a13ca9fb3e99a7dbe40ce0e61b78d83607552bc647b57a7fc26d3bc0bab78ffc33a5fc48d5bc49e1ff00006a17b736de20d57c317b6fa76a5a6ab69d7a34dba8eeaef48d7ad21b28f5a1a70d5e59748bf78f476bf7b68d6e961911c7c41e2482b53ad83a6af7f77054dbd77d6559bd74fb8c65c19914ddea51c4547b7bd8aa8bf08c22b4e87cef0fc62b6994ad9f87757b9da72c52584100f62218673d71c639e4f6c198fc42f11dc832597813c4124640f9a34bd74191ff004cf48239c67ef1ce39c6457d33f177c37a3e83f12bc5fa57c2ed4f58f12fc3d87524b8f07eaa2f66d76e24d0351b3b6bfb3b4bfd4ecf4fd3a2bbd4f4a170fa46a738d334d2da858dc3b595a8758ebce57c3fad4aaaeda5df877da034b0bc41998aa81bae36e5d9885037649231c669cfc45e2e9ae5fed38463da182c2457adb918a3c13c35177fecf72ff1627136fba3382fc0f209fc5be39bb1fe8de01d6939e4cd6da93ae0023abd8c201eec4be0723033c513a87c44b9caaf85e28403d2ea636aa0918ce6e6fed48cfa9ca91ce0e335ef717827c4d2dcad9ff64c8b7722a3476af77a7c574caf208e3716f2dda4c51e4fddc64467cc93089b98e0f456bf09be224e92187c3774d1c704d733ca01963b6b58125927bab87b659d21b6812379259dd8471c48f2b111a3baf055e33e26adf1e6d5eda7bb0850846e9357e58d1b5f5d5eef7677d2e1ac868fc19661fafc4ebcdebe72aedbf46da5f79f2f887e263cbbd747d2a1e38126a9a5321c704af9bacb3100f2581206081c1c56ee8fa678c279dd75d1636d6c96f74d18d2e7d2ae67fb4fd8ae7ec3b99e7b888c1fda1f63fb56dfde0b3375e50338881fa52dfe0d78d24b69353b88acb4ed395033ea3a81d4ed34e68de4db1bc5a84ba5fd8a559720c2d14f209813e56f65655b71fc16d5e4689a6f1378421f3a78ad846bab79b748f2f9be499ace48edae6de06589d9af6e63b7b48d009259a38dbcc1c52e23cf26ad2ccf176bdf4a8a3ffa4528afc35d2ef44744725ca22eeb2dc1b76b5e5479bff6f4bf03c16d7485168a97977a83ea42fe1796ecdfe9eda6be96b06b8b736bfd8f69e1a37eb7b35c3f86a6b6ba1e23582da2b5d6ade5b2bc6bdb1b8b2fecd7fe0d04fdaa87853e3e7ed19fb1febdaac674ff008bde08d2be32f81a179258e01e34f8657317877c5f69670cea8f2ea9e22f05f89346d5aed02ac8b6de03b92a6786d8ca3f966d3fe0426a52889bc69632318ae270348d362d69fcbb68bcd6ca596b6d2891d0e22b57863bab89088ed6295a39b67e90ff00c132bc3fabfeccff00b527c33fdac3c23e3ad474dbcf82136a1e2db7bcf18782dbc2de06d7f47d6fc37a9f8635ad135ed4b55f1569f790787b5bd0fc43a8584baddbc4f670dc491bd9de3ddc01a2e1c56638ec6c630c5e2f11898c24e708d6ad3a91849c796528a93b2938a516f7b24b43ae86130b8672787c3d1a1cdf17b1a54e9f35b6e6718dddba5dfc8ff57b1fc3fee9ff00d9681fc3fee9ff00d96bf9e7f097fc171bc411e9506a7e36fd9dfc2fa9d83884b6afe00f8cd6ac932dc2a9826b5d3b5cf0afd85d6e898cc10ffc252d26c914977dae57d97c11ff0005d0fd9b7c420af8a3e12fed01e0d109d9717f07867c25e36d211f201103783fc69a9f882e6254c4c261e1a8d648c37922562aa788e93f6cc7f0ff00ba7ff65a076ff79bff0066afcfaf05ff00c1543f604f1a8b78edbf693f057866f65443269df11a0d7be195eda3c9b3105da78fb48f0f4314aac42b0f3dd4b1c23be0e3ebdf067c62f84bf119125f87bf137e1ff8f227cbacbe0df197877c4f195c16c87d1752bd1d0827ba8e5b031401e903b7fbcdff00b3503b7fbcdffb352060481cf527f3ddfe34a3b7fbcdff00b350020e8dfeff00f514a7bffbcbff00b2d20e8dfeff00f514a7bffbcbff00b2d0007bff00bcbffb2d07a3fe3ffa08a0f7ff00797ff65a0f47fc7ff411400bdcfd07f36a5a4ee7e83f9b52d00447effe2bfd2907dd3f8ff34a53f7ff0015fe9483ee9fc7f9a5004a7a7e2bfcc567eab6306a7a75fe9d73e67d9efedae2ce6f2a478a5f2ae60682411cb19578dca390b223064243290402340f4fc57f98a63f43fef0ff00d045007f92bfed7be0cb9d3be37fed73fb2d78e21b9f0df8d7c1ff00b52fc55bfd27543a6472e94b3693f13bc4373a05ac50a4b686d6cfc47e05f89371ace8f6f6cb05add69ba0af93cd9c308f82f59fd9a3e2259333d8cba06b916708b67aa1b1b871cf05356b6b2b6473c600bd651d19abfbf1ff0082c5fec6fe09f13fc5bf12fc53f05fec5cdf14fe36f8bf429b4f8be2f4ff001222f863e06d37491a0c7616c9e33f0fe97e34d03c51f153c47e1cd585eeb7e18b5b4d3ac74b58eff4bb1d67c53aa69fa32f835ff906b0fd89bf6a1d675a6d5a7d03f690b1bad424872b77e185d1608558b3a4725acda868da65b416eb2157862d23cb8ca92612fb99803f35e0f841e29b7d5acecfc49a66abe1dd36e65486e35dfeccbcf1069fa6863b7ed176be1b8753bc92d62627ed06c2dafae826e92dad2f02143e83e0df80161e38b092fb48f8a1e08bb923bab8b53e1b8b57d334cf1c0b980462145f0a78db53f04df5f5b5ef9823b7bcd11b5888bac8a374b14b1aff005a3f01bfe0dbdfdacfe2478574ef156bff001e7c11e16d2b548965d317c5ba4eb2fad4f6a541fed2fec3b4f87de1dd45ade66cfd9c6a9ab69f75770859e22b04b0dcc9ea5f11ff00e0d64f8e971a379de1efda07e00fc48d6c895a7d2fc69e02f15781f4e0a1498e3b4d4e23f13e79a593a137165a7a0936933c4acd22007f1cfe16fd9fa3f1069835bbbd47c4165a3c975369e9addb697e03bfd152fe210996ce4d42f7e2f786c1b9b649a2927b76860952075b890468c81b2ec3e18f8216ea79b50d4ee6db49fb58b6b0924d73c3d65aa5fc1cb2cd2697a904bfb39de0f2a5b882d74fd6eded1e7117da665482e2fbf7c7e23ffc106ffe0a3df006e2f352f0afc06f1f3d95b993ccf137ecddf14edb5a4b90194eeb5f09f877c510f8b2e636d8bb22b8f029631a032c08b851f9b9e20f87ff00b49fecef757de1af1b41f123c1f3df6a375732f85bf68af865ae5a6aff006bb93e6ddc7a6dff0088ad7c19e31d16da69a45ba92d744beb1b47b894df884cb3bcd2007ce565f03bc1d7125feaab6b7f7be17b1891e1d447895b4b92695e2256d6e2cf48f853f14b559e5778e55b698685a145793472c51623974cb8d5362cbe0ff8756f6d3508bc1da83f86a5b07d42f356bef0afc534d2b4eb511011adf6b5a9e89f0d6e355bab85b79ae21b9d1ac74eb202ea1104f76f1c90a6ce9f79a8c536bdff0009f78074cf1bda6a77cd7b651f87be20788f466d22d19a7f334e361e38b7f19e9dabdb2f9b6e96a97ed25ec02ca3f3f51ba17123556d17c4de1bd375fd4cbe9fad7c30d1d22866d2359b2f86df0eb50ba9e548ecd658356d4f40f87be2bbcb69239cdedda6a16f0dcc579f6681ff00b3ecdeea45b400aba67843c19a9dcdb47a0685e16beb9babf8adfec77be28f0de95a7e9d676117972ddf87b4e5f8e3378c356d42ee589ee5ecbc4d677164619afa78ae6cfc9b7b68b41f4df0ed96a5add94567e1fb1ba5b88a3d2e4f14f86bc37a4bc3141736e92c963e1cf10def8d66d4372dabf972dc8d6ec9c5c3ddc32de452c4b36349af7852db509ecf46f8a7753ae2df51baf10ea9f12bc60e2fddd8da0809d3be06e95e2387508238bccb8b69de522178e758d5e5dcdd4ebdf16bc3ba7f852f61d13c63a66abaf6ac961a5ea3268d1fc51f12f8b351b3de2eefdb52f16f8db4ef85767fd932dce9d6362229e5f106a9a7d85c59db69218e971dec401665d0b4b9b5abfd334af0f1bdd475db1b69747d535cd06c7c6b6375731d941e75c787bc25f0e3f663d7751b1d36136da9a5bd8e9f79e1e8ee5b4cd465bbb9926b19231a6d6baf784f52b6b5b1b1f10c23c496b7315c6b77165e37b3ba1ac48b159de0d0acfc59abfc2bd52c56da5bfb6b886de5d360d3ac4954ba8aeace291a4e5b4af899f0df49d02facc6b3e29d5b58b8d1efa158f4ff0007c82c756d42e7443a74706b37de3df89fe2fd36d52e59a5b7bad534af87b76d6965348f69a64e9143655a1e15f8a7f0b7424d36f07c3a6fb7daa169f4cb2d07e19a4715ca5c4acb7765e31d47c1da96bd34d79018eeae2def749fecbd36fa47b7d234d834fb7852400bb757b0786edf4eb5d2bc456b3c3236a96fada0f1a5aeb7e23bff0010ea76f2349a949e10f0e7c77f12786e6b8bab74106b1ae5f43a4da19ada3b6d463d5b52bdb5b4d48bcb1b6d0ed34dd22c2df4496e34a536f269ba359f806fb50d5e0ba706c27b5d56cfc3df1134448ec23b896e8dfdc5beaa6f96648e2659d2dfedbcff00837e2a2e877dad6ab7d6fe3cbebed53509eead974cf896ba5d85bdb48a512df53b4d67c17e2ebbd52ee379646b7d4acf54d15f4f88ac1a75bdbb2adc5496de37d39bc59e23f10de781b46d5adfc44b03368fac78b7e2b0482ea3584cf7b7baaf867e20f85f56d72f6ede391e43aa5d4ba7c1f6868ecec2da38a10a01d56a1e1b7d0de1d2341d3a69f59d1b4e4bdbad2346d17c57e32f17de5b6a575653db19fc4fa77c1af024163676e2eae6e9afafb50d4a25866863d26e4bc7627508f55ba3a4c7a7787a2d52f74dd5ecb4e5d52d34d3af5d783f48786e8cb149a7f89ef7c47f147c39ab25bc2aba916b8d2b4fb5bdfb4c56e91c57b14b120d2b3f1878783a7d97e0efc21d3b2dbd0cde17d47c6601dc0a48c7e25788fc6aeeeaaa536cbe7af979525b241f49d1fc6528914dbe81f09b4c24aed6d2fe037c0cd1ee6318e026a561f0dedf50040c6d3f6c320c64b672480796e9d69e1bd5ef3c37e11b7d634ed66f56c259acf48d2ec747f1168f05d5eb18a6d3afaeff00e16278e60b9b34922b99edad2dce8faa6a1f6a8aebfb1607d46df1fb33f053e0a78b7c39a069b7be16f0ef88bc1daeff00634f7d6be26d26c843e1a699e48cea5a7788fc17e26f897e05f146bd77796d033693fe8973a4689757105f437e920b98e4f923c17e36f18ca228acbc69e29d3a0e0496be1ef136afe1ab1655185034ff000ddf69766aaa3006cb75039ee4e7def4e4b6d597ccd69aef5d79157cd7f106a3a8eb723b700b799ab5ddeb9738c120e58120e401800f54f1bcba1f87fc4fe1f83c4d73a7781bc6be23863d2bc3be37d62fda4d6b59d6fed514b79e15f0be8ff133c39e28f09cb75ad8f2521b5b1f11dd5b699677d0a432096ce3bab6e1fc5de24f03e93e24d0b4dd4fc41e1bd3753d685b58691e23f0fea5e1f5d7eff50b4d43edafa0f89a0f09784fe27f86fc31e14b97b886fdb59d7753d05d2e8de1b3b0b58e196e95d1e91e18b1567b5f0f68b64480247b5d26c2d4b0c9c89245b48cb2b6ec3066208c00071585a8f88fc296a934179acf876c230046f0deea16102c8547dcf2a6650df746432e30808181401d2f8a3e2a4be1a58ac2f350d4b5bb0d52265d36d7c1fa6788b5eb4d1a689926b9bbd7afb43d62c6d5b4db88e616f0410e87697ef2acb2ceb2d9c122c5c441aef87a6d3eeb56d5340f0559ea6d757ada4adadb788f5ad5e4b38de55b3b8bad46f74bb0d4f47d4a431ac971a7c525ac28a7cc86f4c644d2f9c6a9af7c278da5717de1bb6b927cd92e7429bca9e471d64373e1f0b389392a5848b230c29240007966b5e3ff00869a7ab15f1c5ed931c903ed86e48dadbb21fc536f744118e544aa80ff00086c5007d79f0f7f6b0fda03e1e29bbf0bfed01f1d3c0f03c304f61e1bf07fc5af88ba1699a73c6b3965d4f48bcd73c55a19943c7125bda5b47aae9e2d9d45c17992e61afa17c31ff059cff82897846c21f23f694f136a663224b7d1bc75f0cfe0a78c0c22392644d3f57f10c7e1cd3358d4098638649751b3be8a6944df2ac72c4f1a7e32eb1f1d3c151305b2f15dbeaee8c544234ab4b9bb72738027d37c431a79847ccc174a93be157a093c3fe35d53c67338b6f09eb1a759410974d6f550967a65dca642890d9ac889a9dcb3210ef2c3a5bdac443472dcab988ca01fd16f807fe0e45fdb3fc33716b1fc48f84ffb3b7c43d32224dd2687a578fbe1febf7480038feda6f18f8bb45b760c38923f0832903fe3d901017edbf04ffc1cfdf07a7f2d7e297ecaff0013fc325d82bcbf0efc75e0ef881103f2618af8a6dfe15b8fe2ca279e7e518624915fc85df4296bb85f6aba269c1d994bcf7e5803c865c5cc1a70caf39fde1248c6171f34ba1f80756f18c86d7c2ebaaf8cae52439b5f04f86f51f135de41e0797a0c9ad4d90bb59b162c39c024826803fbbef01ffc1c31ff0004cdf172c09e22f893f10fe175e4e630f67e3cf843e36b9fb3b30424dc6a7f0fac3c79a1c51c59db24a753f2b20b87f2c161f6d7c3cff829affc13e3e2a1862f04fed93fb3bdf5edd7942df48d5be28785fc27afcaf3e1228d7c3de2ed4342d73ce771b3c9fecff343e11915c85aff003dcf0cff00c13f3f6b0f1bf963c35fb2cfed6bad4570bba29bfe1427c4dd13489431ddba1d6b5bf0069da64d130e77c7a9ec552599942eeafa17c3bff0444ff828678b442d69fb19fc42b6b79f695b9f167c45f84be1058f73018b9b0d5fe2c68fab44154891965d2c390194c2d2650007fa35687e24f0ff0089ac62d57c39ade93afe977081adf52d1751b3d56c275c9f9a1bcb19e7b795791868e4653d8d6e57f143fb047fc105bf6e2f84ff00b46fc13f8bfe2d3f0dbe037843e1bfc57f875f107c5963a3fc57d5757f1e788f43f0878a74cf12eb1e17b4b2f0069fa8e817d1788edf4a7f0eea716b3e32b6d364d3b59ba69a2d56d526d36ebfb5ea0088fdff00c57fa520fba7f1fe694a7eff00e2bfd2907dd3f8ff0034a0094f4fc57f98a63f43fef0ff00d0453cf4fc57f98a63f43fef0ffd04500676a1a5699ab4661d534eb1d46147dcb0df5a5bddc4ae78dc23b88e450d8e37000e0919c1ac27f87fe0413c5743c19e15fb44522cb14dff0008fe92258a5465649237169b924560183821830041c815d6f67fa8fe66964edf8ff4a0000c03eea0fe60d23756fa0fe6b4eec7fdc1fc9a9add5be83f9ad0028eabf8ff00e80b593ae787b41f1469773a2789746d2bc41a2dfc5e5df691ade9f67aae99791f1fbbbab0bf86e2d6e23e73b2589d7201c56b0eabf8ff00e80b4e1fc3fee9ff00d96803f36fe2effc120ffe09b1f1b52e64f18fec8bf0a74abfba0d24fabfc33d3eff00e0e6af34cd8267b8d47e13ea1e0db8bb972012d7ad7218962eac5df77e56fc62ff00835bff00642f16b5dde7c1bf8dbf1bfe0f5fccac2db4dd6dbc31f157c1f664090ae34fd474df0bf8d2eb0e7e6375f10a4664555de09663fd3b7f07fc07fa534f7fc7ff006a5007f051f1c7fe0d5cfdafb4117b79f09fe2d7ecfdf1b34eb7576b6b5f12c5e25f85be2cbd09e69582d349bdd27c77e1b8ae0a2c6b1b5d78f2cadd9e4903b40a82493f20fe35ff00c1153fe0a1ff000505eddf8cbf631f8c33e9f6a642759f85f6765f18b483046efbae962f857aaf8ea7d3ed42c6642fa9e9ba7f950ed79e38b729aff5551dbfde6ffd9a81dbfde6ff00d9a803fc5ffc4bf0f75af086a92f87f5eb2d57c39aed9c863baf0ff8a749b9d175bb575c6e86eb4ebf4d3f50b478ced0eb3d879aac42b283b80a7a7e957d737767611c0b2cf7928b7b6115cc203cce5480cd72b6a1171c824300061981e0ff00b227c47f83df097e30e96fa17c59f863f0fbe27688ead1b691f107c1be1cf1969851f6647d87c47a6ea56a39c302b1065601810739fcb7f8c3ff000410ff00825bfc5e964d4a2fd9b6c3e13f88cbb4d67e21f81fe29f13fc307d32e99005bab3f0be89a99f87ef2c6c4145bef07de40a41fdcfccc1803fcc4d9d2d6eeef4fb88e55b8b19dedee230f0b85990a9602589e48dd4647cc8c41ec48ebb16b7f18e5627638e431e3193d362b1cf6e4639f5c57fa35f84bfe0da2ff8254f87e792f7c43f0dfe2cfc46bd9e7173713f8cbe39fc41b4334e5977c92c1e01d47c0f68fe6119922fb388093958970bb7eaff0006ff00c1143fe0955e052a748fd88fe0c6a8f12aa2c9e38d3b58f892c42c654171f10b58f13a3360019d99cfcdf7b06803fcc0a0d7a2b73975b78864906e6e0c60b0c8c8629186039c80063a1606bd0fc2b71e2af135cc76be14d0af7c49a84aca20b3f0c68fa9f88af262a36ed8ad349fb75c48d920612263b881cd7fab3f833f629fd8ebe1c189fc01fb29fece3e0b9605090dc7863e097c35d12e9026ed98bbd3fc356f724ae3e52d29232483926be8cd3349d3346b55b2d234fb2d32ce38d44769a7da5bd95ac602ed023b7b68e2890055006d41c003a000007f9627817f65bfdbd7c64207f037eca7fb506b115d3058750d33f674f88eda6163b58675abdf0347a4c7f21e5e4d402738639ce3eafd0ffe0941ff000575f88760b6769fb317c70d32c6e4a23dceade38f871f0c248464f9731b5d7fe22f84b508c4448caad838032b2c0c8483fe93a7a9ff00807fe84685edfeeaff005a00ff003bbf0b7fc1b73ff0541f196d97c403c15e0cf30a971e3ef8e9a05c5caee23cc532f803c27f11d9d946496336e2c30c0e49afa83c25ff0006a87ed49a8ac43c79fb497c1cf0fc4ca8cf1689e20f8b9e3765cf3223c31f873e14c2e4120623bb5438c87e95fdd20fe1ff0074ff00ecb40fe1ff0074ff00ecb401fc7cf853fe0d35f06c6b0bf8ebf6b81aaee5533d9e85f04755054800622d4bc5ff001cbc571c841c1dd26888a4f58ce72bf537817fe0d70fd867c36d0cde26f89bf1d3c5b3ae04d0da5afc10f0a6992951cf969a7fc1ebbd7620581197f11cb2aa6009492c4ff4c03f87fdd3ff00b2d03b7fbcdffb35007e2e783ffe0807ff0004d0f0b4700bbf85bf113c573427064d7fe3afc5cb38650a0e04da5f83fc59e14d118703e55d2d1170022a8e2be90f0c7fc1253fe09b5e14117d83f639f82fabbc4dfbb9fc71e1e9be245da950c031bcf8877be28ba6240c36f9983e4ee0735fa263b7fbcdff00b3503b7fbcdffb3500780783ff00652fd97be1e946f017ece3f023c12f0ba7972784fe117c3ef0ec8ac85763f99a4787acdfcc5dabb5cb6e04039eb5ef16f6b6f670a5bdac115b5bc21238a082348a18906dc2c71c6aa88a3b2a80a3b0a98746ff007ffa8a53dffde5ff00d968003dff00de5ffd9683d1ff001ffd04507bff00bcbffb2d07a3fe3ffa08a005ee7e83f9b52d2773f41fcda9680223f7ff0015fe9483ee9fc7f9a529fbff008aff004a41f74fe3fcd280253d3f15fe6298fd0ffbc3ff004114f3d3f15fe6298fd0ff00bc3ff4114009d9fea3f99a593b7e3fd293b3fd47f334b276fc7fa5002f63fee0fe4d4d6eadf41fcd69dd8ffb83f93535bab7d07f35a0051d57f1ff00d0169c3f87fdd3ff00b2d34755fc7ff405a70fe1ff0074ff00ecb4007f07fc07fa534f7fc7ff006a53bf83fe03fd29a7bfe3ff00b52801c3b7fbcdff00b3503b7fbcdffb3503b7fbcdff00b3503b7fbcdffb350021ebf88fe6942f51f4fe8941ebf88fe6942f51f4fe89400e3d3f15fe62987ab7e1ff00a0353cf4fc57f98a61eadf87fe80d4001eff008ffed4a5ec7fdc1fc9a90f7fc7ff006a52f63fee0fe4d400a7a9ff00807fe84685edfeeaff005a0f53ff0000ff00d08d0bdbfdd5feb4000fe1ff0074ff00ecb40fe1ff0074ff00ecb40fe1ff0074ff00ecb40fe1ff0074ff00ecb4000fe1ff0074ff00ecb40edfef37fecd40fe1ff74ffecb40edfef37fecd4000edfef37fecd40edfef37fecd40edfef37fecd40edfef37fecd40083a37fbffd4529effef2ff00ecb483a37fbffd4529effef2ff00ecb4001eff00ef2ffecb41e8ff008ffe82283dff00de5ffd9683d1ff001ffd045002f73f41fcda9693b9fa0fe6d4b40111fbff008aff004a41f74fe3fcd28a280253d3f15fe6298fd0ff00bc3ff4114514009d9fea3f99a593b7e3fd28a28017b1ff00707f26a6b756fa0fe6b451400a3aafe3ff00a02d387f0ffba7ff0065a28a003f83fe03fd29a7bfe3ff00b528a2801c3b7fbcdffb3503b7fbcdff00b351450021ebf88fe6942f51f4fe89451400e3d3f15fe62987ab7e1ffa0351450007bfe3ff00b5297b1ff707f26a28a0053d4ffc03ff0042342f6ff757fad1450003f87fdd3ffb2d03f87fdd3ffb2d1450003f87fdd3ff00b2d03b7fbcdffb351450003b7fbcdffb3503b7fbcdff00b351450020e8dfefff00514a7bff00bcbffb2d1450007bff00bcbffb2d07a3fe3ffa08a28a005ee7e83f9b52d145007fffd9, 'active', 'Difficult');
INSERT INTO `question` (`ques_id`, `les_id`, `ques_detail`, `ques_image`, `ques_status`, `ques_level`) VALUES
(84, 4, 'Register used as a working area in CPU is', '', 'active', 'Medium'),
(132, 9, ' หากต้องการใช้ Google เป็นเครื่องคิดเลข โดยต้องการคำนวณค่า 〖20/6〗^2    ใช้สูตรอย่างไร', '', 'inactive', 'Undefine'),
(51, 5, 'Types of software programs are', '', 'active', 'Medium'),
(54, 5, 'Program which is used to control system performance is classified as', '', 'active', 'Undefine'),
(97, 1, 'In computer terminology, OCR stands for', '', 'active', 'Medium'),
(59, 5, 'Function of running and loading programs by use of peripherals is function of', '', 'active', 'Easy'),
(94, 1, 'Guns of color present in a computer color screen are', '', 'active', 'Easy'),
(61, 5, 'Commercial organization specializing in preparation and design of software packages is classified as', '', 'inactive', 'Hard'),
(144, 9, ' หากต้องการหารูปภาพของปลากัดไทย ที่เป็นรูปที่มีขนาดใหญ่กว่า 640x480 pixels โดยใช้ Google search  ต้องใช้วิธีใดจึงได้รูปตามต้องการ ', '', 'active', 'Undefine'),
(86, 4, 'BCD code is', '', 'active', 'Medium'),
(75, 4, 'In multiple bus organization, registers are collectively placed and referred as', '', 'active', 'Undefine'),
(64, 5, 'Several programs run at same time and storage is shared especially in', '', 'active', 'Medium'),
(68, 5, 'Record of running programs is classified as', '', 'active', 'Easy'),
(13, 1, 'Top listed super computer is', '', 'active', 'Easy'),
(131, 9, 'หากต้องการหาข้อมูลรุ่นของคอมพิวเตอร์ IBM ที่สร้างระหว่างปีค.ศ. 1970 ถึง 1990 โดยใช้ Google search ต้องใช้คำสำคัญ (Keyword) ที่เหมาะที่สุดตามข้อใด', '', 'active', 'Easy'),
(40, 2, 'main store\' of CPU is also called', '', 'inactive', 'Medium'),
(81, 4, 'Serial ports are connected to', '', 'active', 'Easy'),
(46, 2, 'Keyboard and mouse are', '', 'active', 'Undefine'),
(106, 1, 'Data entered into computer through keyboard and mouse is an example of', '', 'active', 'Hard'),
(130, 9, 'หากต้องการหาว่าหนังสือราคาเล่มละ 36.59 ยูเอสดอลล่าร์ คิดเป็นราคากี่บาท โดยใช้ Google search ต้องใช้คำสำคัญ (Keyword) ที่เหมาะที่สุดตามข้อใด', '', 'active', 'Medium'),
(45, 2, 'Devices that are not connected to computers central processing unit are classified as', '', 'active', 'Undefine'),
(96, 1, 'Computer word size is a multiple of', '', 'active', 'Undefine'),
(78, 4, 'All of following are non-volatile memory except', '', 'active', 'Easy'),
(38, 2, 'If any instruction consist of any arithmetic operation, data is transferred to', '', 'active', 'Medium'),
(98, 1, 'Type of computer memory in which access time is not constant but varies depending on address location is known as', '', 'active', 'Easy'),
(30, 1, 'Computer device which enables user to input text and numerical data by hand writing on pressure sensitive surface using a special pen is called', '', 'active', 'Undefine'),
(33, 2, 'Devices that accepts data from outside computer and transfer into CPU are called', '', 'active', 'Hard'),
(49, 2, 'Computer for which processing is used to be done with help of microprocessors is termed as', '', 'active', 'Easy'),
(4, 1, 'Softwares that are designed to modify functionality of another piece of software, are', '', 'active', 'Hard'),
(150, 9, 'การแทรก “ลิงก์” ในการใช้ Google sites ทำให้เกิดผลลัพธ์อย่างไร', '', 'active', 'Medium');

-- --------------------------------------------------------

--
-- Table structure for table `std_ques`
--

CREATE TABLE `std_ques` (
  `test_id` smallint(5) UNSIGNED NOT NULL,
  `std_id` varchar(10) NOT NULL,
  `ques_id` smallint(5) UNSIGNED NOT NULL,
  `choice_id` mediumint(8) UNSIGNED DEFAULT NULL
) ENGINE=ndbcluster DEFAULT CHARSET=utf8;

--
-- Dumping data for table `std_ques`
--

INSERT INTO `std_ques` (`test_id`, `std_id`, `ques_id`, `choice_id`) VALUES
(31, '9920310085', 150, 597),
(31, '9920310026', 150, 597),
(31, '9920310001', 140, 558),
(31, '9920310100', 140, 557),
(31, '9920310056', 150, 597),
(31, '9920310017', 140, 558),
(31, '9920310048', 147, 587),
(31, '9920310089', 145, 579),
(31, '9920310055', 145, 578),
(31, '9920310007', 130, 519),
(31, '9920310057', 149, 595),
(31, '9920310034', 148, 592),
(31, '9920310029', 147, 585),
(2, '9920410005', 25, 99),
(2, '9920610006', 19, 75),
(31, '9920310054', 130, 520),
(31, '9920310008', 130, 518),
(31, '9920310078', 150, 598),
(2, '9920610005', 20, 78),
(31, '9920310008', 150, 600),
(31, '9920310039', 130, 519),
(31, '9920310093', 146, 582),
(31, '9920310004', 141, 563),
(31, '9920310061', 146, 583),
(31, '9920310015', 146, 583),
(2, '9920410002', 61, 243),
(31, '9920310080', 146, 581),
(31, '9920310009', 146, 583),
(31, '9920310080', 130, 518),
(31, '9920310007', 146, 581),
(31, '9920310079', 143, 572),
(31, '9920310077', 145, 579),
(31, '9920310029', 146, 583),
(31, '9920310002', 148, 592),
(31, '9920310004', 143, 572),
(31, '9920310075', 147, 585),
(31, '9920310028', 146, 581),
(31, '9920310013', 143, 569),
(31, '9920310064', 143, 572),
(31, '9920310042', 145, 578),
(31, '9920310029', 143, 569),
(31, '9920310088', 145, 577),
(31, '9920310013', 147, 586),
(31, '9920310029', 145, 579),
(2, '9920610004', 19, 75),
(31, '9920310071', 148, 589),
(31, '9920310071', 145, 578),
(31, '9920310006', 150, 597),
(31, '9920310051', 143, 572),
(31, '9920310005', 146, 583),
(2, '9920410005', 61, 244),
(2, '9920610007', 44, 174),
(2, '9920410003', 25, 98),
(31, '9920310077', 130, 520),
(31, '9920310040', 145, 579),
(31, '9920310091', 147, 585),
(31, '9920310015', 140, 557),
(31, '9920310100', 148, 589),
(31, '9920310075', 145, 579),
(31, '9920310006', 130, 517),
(31, '9920310050', 130, 520),
(31, '9920310034', 140, 558),
(2, '9920410001', 68, 272),
(31, '9920310020', 143, 572),
(31, '9920310078', 147, 585),
(31, '9920310007', 147, 585),
(31, '9920310005', 130, 519),
(31, '9920310050', 149, 595),
(31, '9920310055', 147, 585),
(31, '9920310056', 146, 582),
(31, '9920310028', 130, 520),
(2, '9920410005', 52, 205),
(31, '9920310050', 148, 589),
(31, '9920310060', 145, 579),
(2, '9920410004', 97, 385),
(2, '9920610003', 39, 154),
(31, '9920310019', 143, 569),
(31, '9920310048', 149, 595),
(31, '9920310055', 143, 572),
(31, '9920310054', 150, 600),
(2, '9920410002', 19, 75),
(31, '9920310042', 150, 599),
(31, '9920310080', 148, 592),
(31, '9920310033', 149, 595),
(31, '9920310029', 141, 563),
(31, '9920310024', 130, 519),
(31, '9920310006', 149, 595),
(2, '9920610010', 44, 174),
(2, '9920410003', 52, 205),
(31, '9920310019', 130, 520),
(31, '9920310043', 143, 572),
(31, '9920310039', 140, 560),
(31, '9920310076', 141, 562),
(31, '9920310065', 140, 557),
(31, '9920310093', 130, 520),
(31, '9920310034', 146, 583),
(31, '9920310078', 143, 570),
(31, '9920310039', 147, 585),
(2, '9920410001', 150, 597),
(31, '9920310094', 141, 563),
(31, '9920310033', 150, 597),
(31, '9920310085', 141, 563),
(31, '9920310061', 148, 592),
(31, '9920310053', 143, 569),
(31, '9920310044', 140, 558),
(31, '9920310078', 148, 592),
(2, '9920610002', 39, 154),
(31, '9920310080', 141, 562),
(31, '9920310069', 146, 583),
(31, '9920310089', 141, 563),
(2, '9920410005', 95, 377),
(2, '9920410001', 97, 387),
(31, '9920310040', 150, 597),
(31, '9920310082', 130, 520),
(31, '9920310048', 130, 518),
(31, '9920310094', 146, 582),
(2, '9920610001', 44, 174),
(31, '9920310030', 150, 597),
(31, '9920310093', 143, 572),
(31, '9920310088', 147, 585),
(2, '9920410003', 150, 598),
(31, '9920310065', 145, 579),
(31, '9920310081', 149, 595),
(31, '9920310060', 147, 587),
(31, '9920310057', 148, 589),
(31, '9920310045', 146, 581),
(31, '9920310050', 147, 587),
(31, '9920310038', 143, 572),
(31, '9920310051', 150, 597),
(31, '9920310023', 146, 583),
(31, '9920310001', 147, 585),
(31, '9920310075', 141, 563),
(31, '9920310078', 149, 594),
(31, '9920310045', 141, 563),
(31, '9920310033', 140, 558),
(31, '9920310038', 140, 560),
(2, '9920410005', 20, 77),
(31, '9920310035', 146, 583),
(2, '9920610010', 20, 78),
(31, '9920310042', 148, 592),
(31, '9920310051', 146, 583),
(31, '9920310100', 150, 598),
(31, '9920310032', 148, 589),
(31, '9920310023', 130, 520),
(31, '9920310017', 143, 572),
(31, '9920310039', 148, 592),
(31, '9920310002', 130, 520),
(31, '9920310094', 145, 580),
(31, '9920310077', 150, 597),
(2, '9920610002', 44, 173),
(31, '9920310032', 130, 520),
(31, '9920310001', 130, 520),
(31, '9920310064', 130, 520),
(31, '9920310029', 148, 589),
(31, '9920310004', 148, 592),
(31, '9920310024', 149, 595),
(31, '9920310073', 149, 595),
(31, '9920310059', 143, 570),
(31, '9920310009', 145, 578),
(31, '9920310014', 143, 569),
(31, '9920310094', 140, 558),
(31, '9920310039', 141, 563),
(2, '9920610003', 20, 78),
(31, '9920310062', 140, 558),
(31, '9920310014', 130, 519),
(31, '9920310020', 148, 592),
(31, '9920310040', 148, 589),
(31, '9920310085', 147, 585),
(31, '9920310064', 145, 579),
(31, '9920310099', 146, 582),
(31, '9920310088', 150, 597),
(31, '9920310083', 141, 561),
(31, '9920310081', 147, 585),
(31, '9920310051', 145, 579),
(2, '9920610013', 19, 74),
(31, '9920310087', 149, 596),
(31, '9920310078', 146, 583),
(2, '9920610009', 39, 154),
(31, '9920310056', 130, 520),
(31, '9920310060', 150, 600),
(31, '9920310089', 140, 560),
(31, '9920310038', 147, 587),
(2, '9920610014', 19, 73),
(31, '9920310056', 140, 558),
(2, '9920610011', 44, 174),
(31, '9920310099', 141, 563),
(31, '9920310007', 140, 558),
(31, '9920310083', 145, 579),
(31, '9920310069', 148, 592),
(31, '9920310024', 148, 589),
(2, '9920410003', 44, 175),
(31, '9920310061', 145, 578),
(2, '9920410004', 64, 253),
(31, '9920310024', 150, 597),
(31, '9920310014', 145, 579),
(2, '9920410002', 58, 229),
(31, '9920310051', 130, 520),
(31, '9920310076', 146, 582),
(31, '9920310099', 143, 569),
(31, '9920310054', 148, 592),
(2, '9920610011', 39, 154),
(31, '9920310065', 150, 598),
(31, '9920310057', 141, 562),
(31, '9920310028', 145, 579),
(2, '9920610009', 44, 176),
(2, '9920610008', 44, 176),
(31, '9920310064', 148, 592),
(31, '9920310079', 141, 563),
(31, '9920310013', 145, 580),
(31, '9920310032', 150, 597),
(31, '9920310036', 150, 600),
(2, '9920610019', 19, 74),
(31, '9920310099', 140, 558),
(31, '9920310091', 146, 581),
(31, '9920310094', 143, 571),
(31, '9920310049', 146, 581),
(31, '9920310055', 149, 594),
(31, '9920310059', 149, 594),
(31, '9920310018', 130, 520),
(31, '9920310030', 145, 578),
(31, '9920310051', 149, 595),
(31, '9920310078', 140, 560),
(31, '9920310013', 148, 589),
(31, '9920310081', 130, 520),
(31, '9920310006', 147, 587),
(31, '9920310047', 141, 563),
(31, '9920310082', 149, 594),
(31, '9920310045', 140, 558),
(31, '9920310073', 141, 563),
(31, '9920310019', 150, 597),
(31, '9920310083', 140, 558),
(31, '9920310082', 146, 583),
(31, '9920310030', 146, 583),
(31, '9920310028', 148, 592),
(31, '9920310033', 130, 519),
(31, '9920310032', 147, 587),
(31, '9920310069', 150, 597),
(31, '9920310079', 146, 583),
(2, '9920410004', 44, 173),
(2, '9920410002', 95, 377),
(31, '9920310080', 150, 600),
(31, '9920310028', 147, 587),
(2, '9920410003', 97, 386),
(31, '9920310017', 148, 592),
(31, '9920310064', 149, 595),
(31, '9920310094', 149, 594),
(31, '9920310062', 143, 569),
(31, '9920310006', 145, 578),
(31, '9920310089', 147, 585),
(31, '9920310087', 130, 517),
(31, '9920310081', 145, 578),
(31, '9920310066', 148, 592),
(2, '9920410002', 148, 589),
(31, '9920310056', 147, 585),
(31, '9920310002', 145, 578),
(31, '9920310017', 130, 519),
(31, '9920310035', 150, 597),
(31, '9920310060', 141, 563),
(31, '9920310028', 149, 595),
(2, '9920410004', 61, 244),
(31, '9920310001', 145, 579),
(31, '9920310033', 145, 578),
(31, '9920310020', 150, 597),
(31, '9920310083', 146, 583),
(31, '9920310060', 146, 583),
(31, '9920310085', 145, 578),
(31, '9920310069', 145, 578),
(31, '9920310062', 130, 520),
(31, '9920310035', 149, 595),
(31, '9920310038', 146, 581),
(31, '9920310015', 145, 577),
(31, '9920310017', 149, 595),
(31, '9920310071', 149, 595),
(31, '9920310036', 146, 584),
(31, '9920310100', 145, 578),
(2, '9920610006', 39, 154),
(31, '9920310080', 140, 558),
(31, '9920310091', 130, 520),
(31, '9920310043', 140, 558),
(31, '9920310018', 150, 599),
(31, '9920310081', 140, 558),
(31, '9920310042', 147, 587),
(31, '9920310089', 143, 572),
(31, '9920310004', 145, 580),
(31, '9920310049', 145, 577),
(31, '9920310002', 147, 587),
(31, '9920310049', 140, 560),
(31, '9920310028', 140, 558),
(31, '9920310099', 145, 579),
(31, '9920310033', 143, 572),
(31, '9920310060', 140, 558),
(31, '9920310059', 141, 563),
(31, '9920310042', 146, 583),
(2, '9920410004', 52, 206),
(2, '9920410005', 64, 255),
(31, '9920310061', 140, 558),
(31, '9920310019', 149, 595),
(31, '9920310007', 141, 563),
(31, '9920310059', 150, 597),
(31, '9920310064', 146, 584),
(31, '9920310049', 148, 592),
(31, '9920310030', 141, 562),
(2, '9920410002', 52, 205),
(2, '9920610006', 20, 78),
(31, '9920310094', 150, 597),
(31, '9920310029', 140, 558),
(31, '9920310091', 143, 572),
(31, '9920310049', 150, 600),
(2, '9920410001', 20, 80),
(31, '9920310069', 130, 520),
(31, '9920310034', 141, 563),
(31, '9920310065', 149, 593),
(31, '9920310008', 143, 572),
(31, '9920310056', 149, 595),
(31, '9920310059', 140, 560),
(31, '9920310091', 140, 558),
(2, '9920410002', 142, 566),
(31, '9920310008', 145, 579),
(31, '9920310036', 143, 571),
(31, '9920310026', 130, 518),
(31, '9920310057', 150, 597),
(31, '9920310094', 130, 519),
(31, '9920310089', 146, 583),
(31, '9920310014', 148, 592),
(31, '9920310032', 143, 570),
(31, '9920310077', 146, 582),
(31, '9920310030', 143, 572),
(31, '9920310049', 130, 518),
(2, '9920610004', 44, 173),
(31, '9920310085', 148, 592),
(31, '9920310029', 150, 597),
(31, '9920310039', 149, 595),
(31, '9920310048', 145, 578),
(2, '9920410001', 39, 156),
(31, '9920310023', 141, 563),
(31, '9920310061', 141, 563),
(2, '9920410003', 58, 230),
(31, '9920310071', 130, 519),
(31, '9920310033', 146, 584),
(31, '9920310033', 147, 587),
(31, '9920310044', 143, 569),
(2, '9920610011', 19, 75),
(31, '9920310099', 130, 520),
(31, '9920310099', 147, 587),
(31, '9920310081', 146, 583),
(2, '9920410004', 142, 566),
(2, '9920610014', 44, 174),
(31, '9920310073', 146, 583),
(31, '9920310018', 147, 587),
(31, '9920310007', 143, 572),
(31, '9920310082', 147, 585),
(31, '9920310056', 148, 592),
(31, '9920310045', 147, 586),
(31, '9920310019', 145, 578),
(31, '9920310069', 147, 587),
(31, '9920310090', 148, 592),
(31, '9920310004', 150, 597),
(31, '9920310044', 149, 594),
(31, '9920310049', 143, 569),
(31, '9920310014', 146, 581),
(2, '9920410005', 142, 565),
(31, '9920310073', 130, 518),
(31, '9920310020', 146, 581),
(2, '9920610013', 39, 154),
(31, '9920310009', 150, 600),
(31, '9920310056', 143, 572),
(31, '9920310082', 143, 572),
(31, '9920310028', 150, 597),
(31, '9920310065', 146, 584),
(31, '9920310080', 149, 594),
(31, '9920310092', 150, 597),
(31, '9920310024', 140, 558),
(31, '9920310038', 149, 595),
(31, '9920310091', 150, 597),
(31, '9920310001', 141, 563),
(31, '9920310026', 149, 595),
(2, '9920610012', 20, 77),
(31, '9920310017', 150, 597),
(31, '9920310038', 150, 597),
(31, '9920310023', 145, 580),
(31, '9920310051', 140, 558),
(2, '9920610005', 19, 75),
(2, '9920610013', 44, 174),
(31, '9920310001', 146, 582),
(31, '9920310043', 147, 587),
(31, '9920310088', 146, 583),
(31, '9920310039', 146, 583),
(31, '9920310089', 130, 520),
(31, '9920310081', 148, 589),
(31, '9920310045', 145, 579),
(31, '9920310075', 143, 572),
(31, '9920310017', 145, 579),
(31, '9920310004', 146, 583),
(31, '9920310004', 140, 558),
(31, '9920310053', 147, 585),
(2, '9920610014', 20, 77),
(31, '9920310093', 141, 563),
(31, '9920310007', 148, 592),
(31, '9920310085', 146, 583),
(2, '9920410004', 39, 153),
(31, '9920310015', 149, 595),
(31, '9920310040', 141, 563),
(31, '9920310050', 150, 597),
(31, '9920310018', 145, 579),
(31, '9920310061', 130, 519),
(31, '9920310006', 146, 584),
(31, '9920310014', 150, 597),
(31, '9920310044', 130, 517),
(31, '9920310019', 140, 558),
(31, '9920310073', 140, 558),
(2, '9920410001', 64, 254),
(2, '9920410002', 97, 385),
(31, '9920310013', 140, 560),
(31, '9920310088', 143, 572),
(31, '9920310006', 148, 592),
(31, '9920310050', 140, 558),
(31, '9920310040', 147, 585),
(31, '9920310050', 141, 563),
(31, '9920310100', 130, 518),
(31, '9920310087', 140, 560),
(31, '9920310024', 146, 583),
(31, '9920310028', 143, 572),
(31, '9920310048', 148, 592),
(31, '9920310066', 150, 597),
(2, '9920610020', 19, 75),
(31, '9920310047', 140, 558),
(31, '9920310040', 140, 558),
(31, '9920310081', 150, 597),
(31, '9920310092', 140, 560),
(2, '9920410004', 20, 78),
(2, '9920410005', 58, 232),
(31, '9920310030', 148, 592),
(31, '9920310023', 143, 572),
(31, '9920310053', 149, 595),
(31, '9920310036', 148, 592),
(31, '9920310020', 145, 577),
(31, '9920310088', 149, 595),
(31, '9920310085', 140, 558),
(31, '9920310087', 143, 569),
(31, '9920310081', 143, 570),
(2, '9920410004', 19, 73),
(31, '9920310088', 148, 592),
(31, '9920310079', 149, 595),
(31, '9920310087', 147, 586),
(31, '9920310076', 143, 570),
(2, '9920410002', 68, 269),
(2, '9920410005', 39, 154),
(2, '9920410001', 25, 100),
(31, '9920310023', 149, 595),
(31, '9920310062', 146, 583),
(31, '9920310071', 140, 560),
(31, '9920310076', 148, 592),
(31, '9920310009', 149, 595),
(31, '9920310087', 146, 581),
(31, '9920310061', 143, 570),
(31, '9920310088', 141, 563),
(2, '9920610014', 39, 153),
(31, '9920310088', 130, 517),
(31, '9920310009', 148, 592),
(31, '9920310040', 149, 595),
(31, '9920310069', 149, 595),
(31, '9920310092', 146, 583),
(31, '9920310047', 145, 578),
(31, '9920310076', 145, 579),
(2, '9920610013', 20, 78),
(31, '9920310073', 148, 592),
(31, '9920310012', 130, 520),
(31, '9920310100', 149, 594),
(2, '9920610005', 39, 154),
(31, '9920310040', 143, 572),
(31, '9920310024', 143, 570),
(31, '9920310066', 149, 595),
(2, '9920410001', 148, 590),
(31, '9920310017', 146, 584),
(2, '9920610003', 44, 174),
(2, '9920610004', 20, 78),
(31, '9920310076', 149, 595),
(31, '9920310091', 145, 579),
(31, '9920310005', 147, 587),
(31, '9920310043', 146, 582),
(31, '9920310044', 148, 589),
(2, '9920410001', 95, 377),
(2, '9920610012', 19, 73),
(31, '9920310004', 130, 520),
(31, '9920310059', 146, 584),
(2, '9920610001', 39, 154),
(2, '9920410004', 150, 598),
(31, '9920310073', 143, 572),
(31, '9920310094', 147, 587),
(31, '9920310001', 150, 597),
(31, '9920310061', 149, 595),
(31, '9920310078', 130, 518),
(31, '9920310091', 148, 592),
(31, '9920310043', 149, 595),
(31, '9920310042', 130, 520),
(31, '9920310089', 149, 595),
(31, '9920310038', 148, 589),
(31, '9920310071', 143, 571),
(31, '9920310077', 141, 563),
(31, '9920310002', 143, 569),
(2, '9920410005', 19, 73),
(31, '9920310013', 141, 561),
(31, '9920310053', 130, 518),
(31, '9920310071', 150, 600),
(31, '9920310048', 143, 570),
(31, '9920310018', 148, 592),
(31, '9920310002', 150, 600),
(31, '9920310039', 143, 570),
(31, '9920310013', 150, 597),
(31, '9920310024', 147, 585),
(31, '9920310006', 140, 560),
(31, '9920310038', 141, 561),
(2, '9920410003', 95, 378),
(31, '9920310089', 150, 600),
(31, '9920310035', 141, 563),
(31, '9920310055', 148, 592),
(2, '9920410001', 52, 206),
(31, '9920310057', 130, 517),
(31, '9920310075', 148, 592),
(31, '9920310035', 147, 587),
(2, '9920410003', 68, 269),
(31, '9920310045', 148, 592),
(31, '9920310007', 145, 579),
(31, '9920310075', 149, 595),
(31, '9920310093', 149, 594),
(31, '9920310005', 149, 593),
(2, '9920610004', 39, 154),
(31, '9920310061', 147, 586),
(31, '9920310006', 141, 561),
(31, '9920310002', 140, 560),
(31, '9920310051', 147, 585),
(31, '9920310034', 150, 597),
(31, '9920310008', 140, 560),
(31, '9920310078', 145, 580),
(31, '9920310038', 145, 577),
(2, '9920610012', 39, 153),
(31, '9920310035', 143, 572),
(31, '9920310093', 148, 592),
(31, '9920310100', 143, 572),
(2, '9920610007', 19, 75),
(2, '9920610006', 44, 174),
(31, '9920310057', 146, 583),
(31, '9920310062', 149, 595),
(31, '9920310032', 140, 558),
(31, '9920310071', 146, 581),
(31, '9920310024', 145, 578),
(2, '9920410003', 20, 80),
(31, '9920310019', 146, 584),
(2, '9920410001', 58, 231),
(31, '9920310069', 140, 558),
(31, '9920310076', 140, 560),
(31, '9920310030', 149, 595),
(31, '9920310060', 148, 592),
(31, '9920310075', 146, 581),
(31, '9920310083', 147, 586),
(31, '9920310059', 145, 578),
(31, '9920310018', 141, 563),
(2, '9920410003', 39, 154),
(2, '9920410002', 20, 80),
(2, '9920610008', 19, 75),
(31, '9920310008', 148, 592),
(31, '9920310034', 130, 520),
(31, '9920310087', 150, 600),
(31, '9920310005', 143, 569),
(31, '9920310082', 140, 560),
(31, '9920310036', 130, 520),
(31, '9920310043', 145, 579),
(31, '9920310036', 147, 585),
(31, '9920310015', 148, 592),
(31, '9920310020', 149, 595),
(31, '9920310034', 149, 595),
(31, '9920310083', 149, 595),
(2, '9920410001', 44, 176),
(31, '9920310085', 149, 595),
(31, '9920310062', 145, 578),
(31, '9920310051', 148, 589),
(31, '9920310073', 150, 597),
(31, '9920310077', 149, 595),
(31, '9920310002', 149, 595),
(31, '9920310088', 140, 558),
(2, '9920410005', 150, 599),
(2, '9920410003', 142, 567),
(31, '9920310013', 149, 594),
(31, '9920310001', 148, 590),
(31, '9920310038', 130, 517),
(31, '9920310035', 140, 558),
(31, '9920310051', 141, 563),
(2, '9920610020', 20, 78),
(2, '9920610002', 19, 75),
(31, '9920310077', 148, 592),
(2, '9920410003', 19, 76),
(2, '9920610001', 20, 78),
(31, '9920310030', 130, 517),
(31, '9920310015', 143, 570),
(31, '9920310055', 130, 520),
(2, '9920610009', 19, 75),
(31, '9920310014', 149, 595),
(2, '9920410004', 58, 231),
(2, '9920410002', 25, 98),
(31, '9920310043', 141, 563),
(2, '9920610009', 20, 78),
(31, '9920310005', 141, 564),
(2, '9920610003', 19, 74),
(2, '9920410004', 95, 379),
(31, '9920310013', 130, 518),
(31, '9920310033', 148, 592),
(31, '9920310075', 150, 597),
(31, '9920310085', 143, 572),
(31, '9920310064', 141, 563),
(31, '9920310055', 150, 597),
(2, '9920410001', 61, 243),
(31, '9920310069', 143, 572),
(2, '9920610007', 20, 77),
(2, '9920610002', 20, 78),
(31, '9920310018', 146, 584),
(31, '9920310044', 147, 587),
(31, '9920310007', 150, 597),
(31, '9920310062', 147, 585),
(31, '9920310091', 149, 595),
(31, '9920310093', 140, 558),
(2, '9920610010', 39, 154),
(31, '9920310077', 140, 558),
(31, '9920310026', 148, 590),
(2, '9920610012', 44, 173),
(31, '9920310065', 143, 569),
(31, '9920310032', 149, 595),
(31, '9920310023', 150, 597),
(31, '9920310100', 141, 564),
(2, '9920410005', 68, 271),
(2, '9920410003', 61, 242),
(2, '9920410005', 97, 388),
(31, '9920310048', 146, 583),
(31, '9920310053', 141, 562),
(31, '9920310049', 149, 595),
(31, '9920310049', 141, 563),
(31, '9920310092', 149, 595),
(31, '9920310043', 150, 597),
(31, '9920310044', 146, 581),
(31, '9920310080', 145, 579),
(31, '9920310019', 141, 562),
(31, '9920310090', 130, 518),
(31, '9920310007', 149, 594),
(31, '9920310024', 141, 563),
(2, '9920410001', 142, 568),
(2, '9920610001', 19, 75),
(31, '9920310001', 143, 572),
(31, '9920310050', 146, 583),
(31, '9920310030', 147, 585),
(31, '9920310044', 150, 600),
(2, '9920610008', 20, 78),
(31, '9920310053', 146, 582),
(31, '9920310076', 150, 597),
(31, '9920310071', 147, 587),
(2, '9920410004', 68, 271),
(31, '9920310009', 130, 520),
(31, '9920310018', 149, 594),
(31, '9920310029', 130, 518),
(31, '9920310057', 140, 558),
(31, '9920310073', 145, 577),
(31, '9920310081', 141, 563),
(2, '9920410001', 19, 76),
(31, '9920310092', 143, 572),
(31, '9920310059', 147, 588),
(31, '9920310061', 150, 598),
(31, '9920310077', 143, 572),
(31, '9920310085', 130, 520),
(31, '9920310053', 150, 597),
(31, '9920310064', 147, 587),
(31, '9920310040', 146, 583),
(31, '9920310015', 130, 518),
(31, '9920310050', 145, 578),
(2, '9920610010', 19, 75),
(31, '9920310045', 130, 517),
(31, '9920310065', 130, 520),
(31, '9920310008', 147, 585),
(31, '9920310035', 148, 592),
(31, '9920310083', 130, 518),
(31, '9920310083', 148, 589),
(31, '9920310039', 145, 579),
(2, '9920410003', 64, 253),
(31, '9920310062', 148, 592),
(31, '9920310008', 146, 581),
(31, '9920310043', 148, 592),
(31, '9920310082', 141, 563),
(31, '9920310049', 147, 587),
(31, '9920310064', 150, 597),
(31, '9920310050', 143, 571),
(31, '9920310087', 141, 562),
(2, '9920610019', 39, 155),
(2, '9920610008', 39, 153),
(31, '9920310032', 141, 563),
(31, '9920310005', 150, 600),
(31, '9920310079', 145, 578),
(2, '9920410004', 25, 100),
(31, '9920310059', 148, 592),
(31, '9920310034', 145, 578),
(31, '9920310019', 147, 585),
(31, '9920310005', 145, 577),
(31, '9920310100', 146, 584),
(31, '9920310056', 145, 579),
(31, '9920310087', 148, 592),
(31, '9920310060', 143, 571),
(31, '9920310009', 140, 558),
(31, '9920310015', 150, 597),
(2, '9920410002', 44, 173),
(2, '9920410005', 148, 591),
(31, '9920310008', 149, 595),
(31, '9920310004', 149, 595),
(31, '9920310053', 148, 592),
(31, '9920310055', 146, 583),
(31, '9920310045', 143, 570),
(31, '9920310091', 141, 563),
(2, '9920610019', 20, 77),
(31, '9920310015', 147, 587),
(31, '9920310043', 130, 520),
(31, '9920310062', 141, 562),
(31, '9920310023', 140, 558),
(31, '9920310045', 149, 593),
(31, '9920310057', 145, 577),
(31, '9920310034', 143, 572),
(31, '9920310093', 150, 597),
(2, '9920410002', 39, 153),
(2, '9920610020', 44, 174),
(31, '9920310065', 147, 585),
(31, '9920310065', 141, 563),
(31, '9920310020', 130, 520),
(31, '9920310023', 147, 585),
(2, '9920610019', 44, 175),
(31, '9920310082', 150, 597),
(31, '9920310042', 149, 593),
(31, '9920310060', 149, 594),
(31, '9920310087', 145, 578),
(31, '9920310092', 141, 563),
(31, '9920310053', 145, 579),
(31, '9920310092', 145, 579),
(31, '9920310005', 148, 592),
(2, '9920410005', 44, 175),
(31, '9920310099', 148, 592),
(31, '9920310001', 149, 595),
(31, '9920310035', 130, 520),
(31, '9920310054', 149, 595),
(31, '9920310017', 141, 563),
(2, '9920610005', 44, 174),
(31, '9920310100', 147, 586),
(31, '9920310075', 130, 520),
(31, '9920310033', 141, 563),
(31, '9920310044', 145, 580),
(31, '9920310019', 148, 592),
(31, '9920310076', 130, 518),
(31, '9920310040', 130, 518),
(31, '9920310017', 147, 587),
(31, '9920310009', 147, 587),
(31, '9920310073', 147, 587),
(31, '9920310092', 148, 592),
(31, '9920310093', 147, 585),
(31, '9920310099', 149, 596),
(31, '9920310089', 148, 589),
(31, '9920310060', 130, 519),
(31, '9920310009', 143, 572),
(31, '9920310039', 150, 597),
(31, '9920310082', 148, 592),
(31, '9920310029', 149, 595),
(31, '9920310023', 148, 589),
(31, '9920310062', 150, 597),
(31, '9920310075', 140, 558),
(31, '9920310057', 143, 569),
(31, '9920310078', 141, 563),
(2, '9920410002', 150, 597),
(2, '9920410002', 64, 255),
(31, '9920310069', 141, 563),
(31, '9920310079', 148, 592),
(31, '9920310083', 150, 600),
(31, '9920310083', 143, 570),
(31, '9920310036', 149, 595),
(31, '9920310034', 147, 587),
(2, '9920610007', 39, 154),
(31, '9920310059', 130, 520),
(31, '9920310094', 148, 592),
(2, '9920410004', 148, 590),
(31, '9920310035', 145, 579),
(31, '9920310082', 145, 578),
(31, '9920310002', 141, 562),
(31, '9920310079', 140, 558),
(31, '9920310030', 140, 560),
(2, '9920610020', 39, 154),
(2, '9920410003', 148, 591),
(31, '9920310018', 140, 560),
(31, '9920310045', 150, 600),
(2, '9920610011', 20, 78),
(31, '9920310080', 147, 585),
(31, '9920310079', 130, 520),
(31, '9920310048', 150, 597),
(31, '9920310008', 141, 561),
(31, '9920310066', 130, 517),
(31, '9920310013', 146, 582),
(31, '9920310032', 146, 582),
(31, '9920310079', 150, 597),
(31, '9920310079', 147, 587);

-- --------------------------------------------------------

--
-- Table structure for table `student`
--

CREATE TABLE `student` (
  `std_id` varchar(10) NOT NULL,
  `std_name` varchar(50) DEFAULT NULL,
  `major` varchar(50) DEFAULT NULL,
  `faculty` varchar(50) DEFAULT NULL
) ENGINE=ndbcluster DEFAULT CHARSET=utf8;

--
-- Dumping data for table `student`
--

INSERT INTO `student` (`std_id`, `std_name`, `major`, `faculty`) VALUES
('9920310007', 'Clinton07 Jaen07', 'App.Maths', 'SAT'),
('9920310063', 'Clinton63 Jaen63', 'App.Maths', 'SAT'),
('9920110015', 'Jacky15 Jang15', 'Physics', 'EDU'),
('9920310071', 'Clinton71 Jaen71', 'App.Maths', 'SAT'),
('9920310079', 'Clinton79 Jaen79', 'App.Maths', 'SAT'),
('9920310028', 'Clinton28 Jaen28', 'App.Maths', 'SAT'),
('9920310053', 'Clinton53 Jaen53', 'App.Maths', 'SAT'),
('9920310029', 'Clinton29 Jaen29', 'App.Maths', 'SAT'),
('9920310066', 'Clinton66 Jaen66', 'App.Maths', 'SAT'),
('9920310023', 'Clinton23 Jaen23', 'App.Maths', 'SAT'),
('9920310003', 'Clinton03 Jaen03', 'App.Maths', 'SAT'),
('9920310018', 'Clinton18 Jaen18', 'App.Maths', 'SAT'),
('9920110011', 'Jacky11 Jang11', 'Physics', 'EDU'),
('9920610019', 'Villiam19 Ver19', 'Banking', 'Huso'),
('9920610009', 'Villiam09 Ver09', 'Banking', 'Huso'),
('9920310064', 'Clinton64 Jaen64', 'App.Maths', 'SAT'),
('9920610020', 'Villiam20 Ver20', 'Banking', 'Huso'),
('9920310042', 'Clinton42 Jaen42', 'App.Maths', 'SAT'),
('9920310041', 'Clinton41 Jaen41', 'App.Maths', 'SAT'),
('9920310086', 'Clinton86 Jaen86', 'App.Maths', 'SAT'),
('9920110007', 'Jacky07 Jang07', 'Physics', 'EDU'),
('9920310036', 'Clinton36 Jaen36', 'App.Maths', 'SAT'),
('9920310011', 'Clinton11 Jaen11', 'App.Maths', 'SAT'),
('9920610007', 'Villiam07 Ver07', 'Banking', 'Huso'),
('9920310014', 'Clinton14 Jaen14', 'App.Maths', 'SAT'),
('9920310076', 'Clinton76 Jaen76', 'App.Maths', 'SAT'),
('9920310095', 'Clinton95 Jaen95', 'App.Maths', 'SAT'),
('9920310059', 'Clinton59 Jaen59', 'App.Maths', 'SAT'),
('9920410012', 'Shusan12 Jeen12', 'Management', 'HUSO'),
('9920610018', 'Villiam18 Ver18', 'Banking', 'Huso'),
('9920610004', 'Villiam04 Ver04', 'Banking', 'Huso'),
('9920310083', 'Clinton83 Jaen83', 'App.Maths', 'SAT'),
('9920610002', 'Villiam02 Ver02', 'Banking', 'Huso'),
('9920110005', 'Jacky05 Jang05', 'Physics', 'EDU'),
('9920310010', 'Clinton10 Jaen10', 'App.Maths', 'SAT'),
('9920310092', 'Clinton92 Jaen92', 'App.Maths', 'SAT'),
('9920310054', 'Clinton54 Jaen54', 'App.Maths', 'SAT'),
('9920310022', 'Clinton22 Jaen22', 'App.Maths', 'SAT'),
('9920410007', 'Shusan07 Jeen07', 'Management', 'HUSO'),
('9920310031', 'Clinton31 Jaen31', 'App.Maths', 'SAT'),
('9920310091', 'Clinton91 Jaen91', 'App.Maths', 'SAT'),
('9920110001', 'Jacky01 Jang01', 'Physics', 'EDU'),
('9920310037', 'Clinton37 Jaen37', 'App.Maths', 'SAT'),
('9920310067', 'Clinton67 Jaen67', 'App.Maths', 'SAT'),
('9920610015', 'Villiam15 Ver15', 'Banking', 'Huso'),
('9920310080', 'Clinton80 Jaen80', 'App.Maths', 'SAT'),
('9920310081', 'Clinton81 Jaen81', 'App.Maths', 'SAT'),
('9920310033', 'Clinton33 Jaen33', 'App.Maths', 'SAT'),
('9920110010', 'Jacky10 Jang10', 'Physics', 'EDU'),
('9920310049', 'Clinton49 Jaen49', 'App.Maths', 'SAT'),
('9920610016', 'Villiam16 Ver16', 'Banking', 'Huso'),
('9920110014', 'Jacky14 Jang14', 'Physics', 'EDU'),
('9920310044', 'Clinton44 Jaen44', 'App.Maths', 'SAT'),
('9920110006', 'Jacky06 Jang06', 'Physics', 'EDU'),
('9920310039', 'Clinton39 Jaen39', 'App.Maths', 'SAT'),
('9920310062', 'Clinton62 Jaen62', 'App.Maths', 'SAT'),
('9920310090', 'Clinton90 Jaen90', 'App.Maths', 'SAT'),
('9920310004', 'Clinton04 Jaen04', 'App.Maths', 'SAT'),
('9920310019', 'Clinton19 Jaen19', 'App.Maths', 'SAT'),
('9920110020', 'Jacky20 Jang20', 'Physics', 'EDU'),
('9920310012', 'Clinton12 Jaen12', 'App.Maths', 'SAT'),
('9920310051', 'Clinton51 Jaen51', 'App.Maths', 'SAT'),
('9920310075', 'Clinton75 Jaen75', 'App.Maths', 'SAT'),
('9920310057', 'Clinton57 Jaen57', 'App.Maths', 'SAT'),
('9920110004', 'Jacky04 Jang04', 'Physics', 'EDU'),
('9920110016', 'Jacky16 Jang16', 'Physics', 'EDU'),
('9920110009', 'Jacky09 Jang09', 'Physics', 'EDU'),
('9920310069', 'Clinton69 Jaen69', 'App.Maths', 'SAT'),
('9920310077', 'Clinton77 Jaen77', 'App.Maths', 'SAT'),
('9920310043', 'Clinton43 Jaen43', 'App.Maths', 'SAT'),
('9920310068', 'Clinton68 Jaen68', 'App.Maths', 'SAT'),
('9920410008', 'Shusan08 Jeen08', 'Management', 'HUSO'),
('9920610013', 'Villiam13 Ver13', 'Banking', 'Huso'),
('9920310097', 'Clinton97 Jaen97', 'App.Maths', 'SAT'),
('9920310070', 'Clinton70 Jaen70', 'App.Maths', 'SAT'),
('9920610001', 'Villiam01 Ver01', 'Banking', 'Huso'),
('9920310030', 'Clinton30 Jaen30', 'App.Maths', 'SAT'),
('9920310093', 'Clinton93 Jaen93', 'App.Maths', 'SAT'),
('9920310073', 'Clinton73 Jaen73', 'App.Maths', 'SAT'),
('9920310045', 'Clinton45 Jaen45', 'App.Maths', 'SAT'),
('9920410015', 'Shusan15 Jeen15', 'Management', 'HUSO'),
('9920310096', 'Clinton96 Jaen96', 'App.Maths', 'SAT'),
('9920310048', 'Clinton48 Jaen48', 'App.Maths', 'SAT'),
('9920410019', 'Shusan19 Jeen19', 'Management', 'HUSO'),
('9920610017', 'Villiam17 Ver17', 'Banking', 'Huso'),
('9920310008', 'Clinton08 Jaen08', 'App.Maths', 'SAT'),
('9920310024', 'Clinton24 Jaen24', 'App.Maths', 'SAT'),
('9920310094', 'Clinton94 Jaen94', 'App.Maths', 'SAT'),
('9920310027', 'Clinton27 Jaen27', 'App.Maths', 'SAT'),
('9920410014', 'Shusan14 Jeen14', 'Management', 'HUSO'),
('9920310098', 'Clinton98 Jaen98', 'App.Maths', 'SAT'),
('9920310032', 'Clinton32 Jaen32', 'App.Maths', 'SAT'),
('9920410009', 'Shusan09 Jeen09', 'Management', 'HUSO'),
('9920610006', 'Villiam06 Ver06', 'Banking', 'Huso'),
('9920110008', 'Jacky08 Jang08', 'Physics', 'EDU'),
('9920310001', 'Clinton01 Jaen01', 'App.Maths', 'SAT'),
('9920610008', 'Villiam08 Ver08', 'Banking', 'Huso'),
('9920410011', 'Shusan11 Jeen11', 'Management', 'HUSO'),
('9920610005', 'Villiam05 Ver05', 'Banking', 'Huso'),
('9920310085', 'Clinton85 Jaen85', 'App.Maths', 'SAT'),
('9920310034', 'Clinton34 Jaen34', 'App.Maths', 'SAT'),
('9920410017', 'Shusan17 Jeen17', 'Management', 'HUSO'),
('9920310020', 'Clinton20 Jaen20', 'App.Maths', 'SAT'),
('9920110013', 'Jacky13 Jang13', 'Physics', 'EDU'),
('9920310046', 'Clinton46 Jaen46', 'App.Maths', 'SAT'),
('9920310078', 'Clinton78 Jaen78', 'App.Maths', 'SAT'),
('9920310025', 'Clinton25 Jaen25', 'App.Maths', 'SAT'),
('9920310005', 'Clinton05 Jaen05', 'App.Maths', 'SAT'),
('9920310040', 'Clinton40 Jaen40', 'App.Maths', 'SAT'),
('9920410018', 'Shusan18 Jeen18', 'Management', 'HUSO'),
('9920110012', 'Jacky12 Jang12', 'Physics', 'EDU'),
('9920610012', 'Villiam12 Ver12', 'Banking', 'Huso'),
('9920310047', 'Clinton47 Jaen47', 'App.Maths', 'SAT'),
('9920410005', 'Shusan05 Jeen05', 'Management', 'HUSO'),
('9920410016', 'Shusan16 Jeen16', 'Management', 'HUSO'),
('9920310006', 'Clinton06 Jaen06', 'App.Maths', 'SAT'),
('9920410004', 'Shusan04 Jeen04', 'Management', 'HUSO'),
('9920110017', 'Jacky17 Jang17', 'Physics', 'EDU'),
('9920410010', 'Shusan10 Jeen10', 'Management', 'HUSO'),
('9920310038', 'Clinton38 Jaen38', 'App.Maths', 'SAT'),
('9920610003', 'Villiam03 Ver03', 'Banking', 'Huso'),
('9920310065', 'Clinton65 Jaen65', 'App.Maths', 'SAT'),
('9920310016', 'Clinton16 Jaen16', 'App.Maths', 'SAT'),
('9920310074', 'Clinton74 Jaen74', 'App.Maths', 'SAT'),
('9920310099', 'Clinton99 Jaen99', 'App.Maths', 'SAT'),
('9920410001', 'Shusan01 Jeen01', 'Management', 'HUSO'),
('9920310100', 'Clinton100 Jaen100', 'App.Maths', 'SAT'),
('9920310050', 'Clinton50 Jaen50', 'App.Maths', 'SAT'),
('9920110002', 'Jacky02 Jang02', 'Physics', 'EDU'),
('9920310015', 'Clinton15 Jaen15', 'App.Maths', 'SAT'),
('9920310087', 'Clinton87 Jaen87', 'App.Maths', 'SAT'),
('9920610011', 'Villiam11 Ver11', 'Banking', 'Huso'),
('9920310089', 'Clinton89 Jaen89', 'App.Maths', 'SAT'),
('9920310055', 'Clinton55 Jaen55', 'App.Maths', 'SAT'),
('9920310035', 'Clinton35 Jaen35', 'App.Maths', 'SAT'),
('9920310058', 'Clinton58 Jaen58', 'App.Maths', 'SAT'),
('9920310009', 'Clinton09 Jaen09', 'App.Maths', 'SAT'),
('9920310056', 'Clinton56 Jaen56', 'App.Maths', 'SAT'),
('9920310026', 'Clinton26 Jaen26', 'App.Maths', 'SAT'),
('9920410020', 'Shusan20 Jeen20', 'Management', 'HUSO'),
('9920310052', 'Clinton52 Jaen52', 'App.Maths', 'SAT'),
('9920310061', 'Clinton61 Jaen61', 'App.Maths', 'SAT'),
('9920310017', 'Clinton17 Jaen17', 'App.Maths', 'SAT'),
('9920410013', 'Shusan13 Jeen13', 'Management', 'HUSO'),
('9920410003', 'Shusan03 Jeen03', 'Management', 'HUSO'),
('9920310082', 'Clinton82 Jaen82', 'App.Maths', 'SAT'),
('9920110003', 'Jacky03 Jang03', 'Physics', 'EDU'),
('9920310084', 'Clinton84 Jaen84', 'App.Maths', 'SAT'),
('9920310021', 'Clinton21 Jaen21', 'App.Maths', 'SAT'),
('9920110019', 'Jacky19 Jang19', 'Physics', 'EDU'),
('9920310088', 'Clinton88 Jaen88', 'App.Maths', 'SAT'),
('9920110018', 'Jacky18 Jang18', 'Physics', 'EDU'),
('9920610014', 'Villiam14 Ver14', 'Banking', 'Huso'),
('9920410002', 'Shusan02 Jeen02', 'Management', 'HUSO'),
('9920410006', 'Shusan06 Jeen06', 'Management', 'HUSO'),
('9920610010', 'Villiam10 Ver10', 'Banking', 'Huso'),
('9920310002', 'Clinton02 Jaen02', 'App.Maths', 'SAT'),
('9920310013', 'Clinton13 Jaen13', 'App.Maths', 'SAT'),
('9920310072', 'Clinton72 Jaen72', 'App.Maths', 'SAT'),
('9920310060', 'Clinton60 Jaen60', 'App.Maths', 'SAT');

-- --------------------------------------------------------

--
-- Table structure for table `subject`
--

CREATE TABLE `subject` (
  `sub_id` varchar(7) NOT NULL,
  `thai_name` varchar(100) DEFAULT NULL,
  `eng_name` varchar(50) DEFAULT NULL
) ENGINE=ndbcluster DEFAULT CHARSET=utf8;

--
-- Dumping data for table `subject`
--

INSERT INTO `subject` (`sub_id`, `thai_name`, `eng_name`) VALUES
('748-101', 'เทคโนโลยีสารสนเทศ', 'Information Technology'),
('748-121', 'การเขียนโปรแกรมคอมพิวเตอร์ 1', 'Computer Programming I'),
('747-101', 'สถิติในชีวิตยุคใหม่', 'Statistics in Modern Life');

-- --------------------------------------------------------

--
-- Table structure for table `take_exam`
--

CREATE TABLE `take_exam` (
  `std_id` varchar(10) NOT NULL,
  `group_id` smallint(5) UNSIGNED NOT NULL,
  `test_id` smallint(5) UNSIGNED NOT NULL,
  `score` varchar(3) DEFAULT NULL
) ENGINE=ndbcluster DEFAULT CHARSET=utf8;

--
-- Dumping data for table `take_exam`
--

INSERT INTO `take_exam` (`std_id`, `group_id`, `test_id`, `score`) VALUES
('9920310058', 24, 31, ''),
('9920310070', 24, 31, ''),
('9920310030', 24, 31, '4'),
('9920310024', 24, 31, '4'),
('9920310095', 24, 31, ''),
('9920610007', 9, 2, '3'),
('9920410004', 10, 2, '2'),
('9920310087', 24, 31, '1'),
('9920310031', 24, 31, ''),
('9920310040', 24, 31, '6'),
('9920410008', 10, 2, ''),
('9920310079', 24, 31, '8'),
('9920310089', 24, 31, '5'),
('9920610015', 9, 2, ''),
('9920310015', 24, 31, '4'),
('9920310091', 24, 31, '8'),
('9920610010', 9, 2, '4'),
('9920310016', 24, 31, ''),
('9920310063', 24, 31, ''),
('9920310027', 24, 31, ''),
('9920310097', 24, 31, ''),
('9920310071', 24, 31, '2'),
('9920310085', 24, 31, '7'),
('9920310059', 24, 31, '4'),
('9920610016', 9, 2, ''),
('9920610018', 9, 2, ''),
('9920310034', 24, 31, '8'),
('9920310014', 24, 31, '4'),
('9920310069', 24, 31, '8'),
('9920310008', 24, 31, '4'),
('9920310043', 24, 31, '10'),
('9920410001', 10, 2, '3'),
('9920410016', 10, 2, ''),
('9920310093', 24, 31, '7'),
('9920310006', 24, 31, '4'),
('9920310082', 24, 31, '5'),
('9920610011', 9, 2, '4'),
('9920610013', 9, 2, '3'),
('9920310035', 24, 31, '9'),
('9920310068', 24, 31, ''),
('9920310050', 24, 31, '6'),
('9920310081', 24, 31, '5'),
('9920310065', 24, 31, '3'),
('9920310011', 24, 31, ''),
('9920310054', 24, 31, '3'),
('9920310020', 24, 31, '5'),
('9920310045', 24, 31, '4'),
('9920410010', 10, 2, ''),
('9920310057', 24, 31, '3'),
('9920310023', 24, 31, '6'),
('9920310019', 24, 31, '5'),
('9920610003', 9, 2, '3'),
('9920310075', 24, 31, '8'),
('9920310080', 24, 31, '3'),
('9920310012', 24, 31, '1'),
('9920310039', 24, 31, '5'),
('9920310098', 24, 31, ''),
('9920310073', 24, 31, '7'),
('9920310064', 24, 31, '8'),
('9920310048', 24, 31, '4'),
('9920310099', 24, 31, '7'),
('9920310067', 24, 31, ''),
('9920310072', 24, 31, ''),
('9920310100', 24, 31, '1'),
('9920610019', 9, 2, ''),
('9920310007', 24, 31, '6'),
('9920310005', 24, 31, '2'),
('9920310046', 24, 31, ''),
('9920310036', 24, 31, '3'),
('9920310077', 24, 31, '9'),
('9920310088', 24, 31, '6'),
('9920310009', 24, 31, '6'),
('9920310042', 24, 31, '3'),
('9920410014', 10, 2, ''),
('9920310037', 24, 31, ''),
('9920310051', 24, 31, '7'),
('9920310074', 24, 31, ''),
('9920310049', 24, 31, '4'),
('9920310017', 24, 31, '8'),
('9920310032', 24, 31, '7'),
('9920310022', 24, 31, ''),
('9920310052', 24, 31, ''),
('9920410015', 10, 2, ''),
('9920610006', 9, 2, '4'),
('9920310029', 24, 31, '5'),
('9920310066', 24, 31, '3'),
('9920310053', 24, 31, '5'),
('9920310060', 24, 31, '5'),
('9920410020', 10, 2, ''),
('9920310061', 24, 31, '4'),
('9920310028', 24, 31, '8'),
('9920310038', 24, 31, '4'),
('9920310004', 24, 31, '7'),
('9920310047', 24, 31, '2'),
('9920310092', 24, 31, '6'),
('9920410007', 10, 2, ''),
('9920310094', 24, 31, '6'),
('9920310083', 24, 31, '3'),
('9920310002', 24, 31, '4'),
('9920610017', 9, 2, ''),
('9920410002', 10, 2, '4'),
('9920610020', 9, 2, '4'),
('9920310090', 24, 31, '1'),
('9920310041', 24, 31, ''),
('9920610001', 9, 2, '4'),
('9920310062', 24, 31, '5'),
('9920410011', 10, 2, ''),
('9920410005', 10, 2, '1'),
('9920610014', 9, 2, ''),
('9920310086', 24, 31, ''),
('9920310025', 24, 31, ''),
('9920610012', 9, 2, '0'),
('9920310026', 24, 31, '2'),
('9920610008', 9, 2, '2'),
('9920310018', 24, 31, '5'),
('9920410012', 10, 2, ''),
('9920310084', 24, 31, ''),
('9920410003', 10, 2, '4'),
('9920310001', 24, 31, '8'),
('9920310003', 24, 31, ''),
('9920310056', 24, 31, '8'),
('9920610009', 9, 2, '3'),
('9920610005', 9, 2, '4'),
('9920310021', 24, 31, ''),
('9920410017', 10, 2, ''),
('9920410006', 10, 2, ''),
('9920610002', 9, 2, '3'),
('9920410013', 10, 2, ''),
('9920310010', 24, 31, ''),
('9920310076', 24, 31, '5'),
('9920410009', 10, 2, ''),
('9920310013', 24, 31, '2'),
('9920310096', 24, 31, ''),
('9920310055', 24, 31, '4'),
('9920410018', 10, 2, ''),
('9920310078', 24, 31, '2'),
('9920310033', 24, 31, '7'),
('9920310044', 24, 31, '2'),
('9920410019', 10, 2, ''),
('9920610004', 9, 2, '3');

-- --------------------------------------------------------

--
-- Table structure for table `tb_datetest`
--

CREATE TABLE `tb_datetest` (
  `test_id` smallint(5) UNSIGNED NOT NULL,
  `group_id` smallint(5) UNSIGNED NOT NULL,
  `date_test` date DEFAULT NULL,
  `time_start` time DEFAULT NULL,
  `time_end` time DEFAULT NULL
) ENGINE=ndbcluster DEFAULT CHARSET=utf8;

--
-- Dumping data for table `tb_datetest`
--

INSERT INTO `tb_datetest` (`test_id`, `group_id`, `date_test`, `time_start`, `time_end`) VALUES
(17, 12, '0000-00-00', '00:00:00', '00:00:00'),
(17, 13, '2018-03-02', '08:30:00', '11:30:00'),
(18, 12, '2018-04-30', '00:00:00', '03:00:00'),
(18, 13, '0000-00-00', '00:00:00', '00:00:00'),
(31, 24, '2018-04-19', '17:10:00', '17:20:00'),
(2, 9, '0000-00-00', '00:00:00', '00:00:00'),
(2, 10, '2018-05-08', '12:00:00', '12:59:00');

-- --------------------------------------------------------

--
-- Table structure for table `testing`
--

CREATE TABLE `testing` (
  `test_id` smallint(5) UNSIGNED NOT NULL,
  `test_name` varchar(30) DEFAULT NULL,
  `term` smallint(5) UNSIGNED DEFAULT NULL,
  `year` smallint(5) UNSIGNED DEFAULT NULL,
  `detail` varchar(50) DEFAULT NULL,
  `sub_id` varchar(7) DEFAULT NULL
) ENGINE=ndbcluster DEFAULT CHARSET=utf8;

--
-- Dumping data for table `testing`
--

INSERT INTO `testing` (`test_id`, `test_name`, `term`, `year`, `detail`, `sub_id`) VALUES
(2, 'Midterm', 1, 2561, 'It have many questions!', '748-101'),
(18, 'Final', 2, 2561, 'Each group must define test date!', '748-101'),
(31, 'การทดสอบระบบ', 2, 2560, 'ระยะเวลา 10 นาที', '748-101'),
(17, 'Midterm', 2, 2561, 'It have 120 Questions!', '748-101'),
(27, 'fd', 1, 2561, 'fd', '747-101');

-- --------------------------------------------------------

--
-- Table structure for table `test_ques`
--

CREATE TABLE `test_ques` (
  `test_id` smallint(5) UNSIGNED NOT NULL,
  `ques_id` smallint(5) UNSIGNED NOT NULL
) ENGINE=ndbcluster DEFAULT CHARSET=utf8;

--
-- Dumping data for table `test_ques`
--

INSERT INTO `test_ques` (`test_id`, `ques_id`) VALUES
(2, 142),
(31, 130),
(17, 70),
(2, 61),
(18, 85),
(17, 51),
(2, 64),
(2, 68),
(17, 54),
(18, 45),
(31, 149),
(2, 39),
(17, 21),
(18, 64),
(18, 74),
(2, 150),
(17, 43),
(31, 150),
(2, 44),
(31, 148),
(17, 57),
(17, 22),
(17, 67),
(18, 68),
(2, 58),
(17, 50),
(17, 69),
(2, 25),
(2, 20),
(2, 19),
(31, 143),
(2, 95),
(18, 77),
(18, 4),
(18, 75),
(17, 61),
(17, 47),
(17, 19),
(18, 65),
(17, 52),
(31, 147),
(18, 58),
(18, 21),
(18, 73),
(18, 80),
(18, 46),
(17, 46),
(18, 67),
(17, 58),
(31, 146),
(31, 145),
(18, 72),
(17, 20),
(31, 140),
(31, 141),
(2, 52),
(17, 60),
(18, 54),
(17, 23),
(18, 61),
(17, 38),
(2, 97),
(2, 148);

--
-- Indexes for dumped tables
--

--
-- Indexes for table `choice`
--
ALTER TABLE `choice`
  ADD PRIMARY KEY (`choice_id`),
  ADD KEY `ques_id` (`ques_id`);

--
-- Indexes for table `enrollment`
--
ALTER TABLE `enrollment`
  ADD PRIMARY KEY (`std_id`,`group_id`),
  ADD KEY `group_id` (`group_id`);

--
-- Indexes for table `lecturer`
--
ALTER TABLE `lecturer`
  ADD PRIMARY KEY (`lec_id`);

--
-- Indexes for table `lec_group`
--
ALTER TABLE `lec_group`
  ADD PRIMARY KEY (`gr_id`),
  ADD KEY `lec_id` (`lec_id`),
  ADD KEY `sub_id` (`sub_id`);

--
-- Indexes for table `lesson`
--
ALTER TABLE `lesson`
  ADD PRIMARY KEY (`les_id`),
  ADD KEY `sub_id` (`sub_id`);

--
-- Indexes for table `manage_status`
--
ALTER TABLE `manage_status`
  ADD PRIMARY KEY (`lec_id`,`sub_id`),
  ADD KEY `sub_id` (`sub_id`);

--
-- Indexes for table `question`
--
ALTER TABLE `question`
  ADD PRIMARY KEY (`ques_id`),
  ADD KEY `les_id` (`les_id`);

--
-- Indexes for table `std_ques`
--
ALTER TABLE `std_ques`
  ADD PRIMARY KEY (`test_id`,`std_id`,`ques_id`),
  ADD KEY `std_id` (`std_id`),
  ADD KEY `ques_id` (`ques_id`),
  ADD KEY `choice_id` (`choice_id`);

--
-- Indexes for table `student`
--
ALTER TABLE `student`
  ADD PRIMARY KEY (`std_id`);

--
-- Indexes for table `subject`
--
ALTER TABLE `subject`
  ADD PRIMARY KEY (`sub_id`);

--
-- Indexes for table `take_exam`
--
ALTER TABLE `take_exam`
  ADD PRIMARY KEY (`std_id`,`test_id`,`group_id`),
  ADD KEY `group_id` (`group_id`),
  ADD KEY `test_id` (`test_id`);

--
-- Indexes for table `tb_datetest`
--
ALTER TABLE `tb_datetest`
  ADD PRIMARY KEY (`test_id`,`group_id`),
  ADD KEY `group_id` (`group_id`);

--
-- Indexes for table `testing`
--
ALTER TABLE `testing`
  ADD PRIMARY KEY (`test_id`),
  ADD KEY `sub_id` (`sub_id`);

--
-- Indexes for table `test_ques`
--
ALTER TABLE `test_ques`
  ADD PRIMARY KEY (`test_id`,`ques_id`),
  ADD KEY `ques_id` (`ques_id`);

--
-- AUTO_INCREMENT for dumped tables
--

--
-- AUTO_INCREMENT for table `choice`
--
ALTER TABLE `choice`
  MODIFY `choice_id` mediumint(8) UNSIGNED NOT NULL AUTO_INCREMENT, AUTO_INCREMENT=601;

--
-- AUTO_INCREMENT for table `lec_group`
--
ALTER TABLE `lec_group`
  MODIFY `gr_id` smallint(5) UNSIGNED NOT NULL AUTO_INCREMENT, AUTO_INCREMENT=26;

--
-- AUTO_INCREMENT for table `lesson`
--
ALTER TABLE `lesson`
  MODIFY `les_id` smallint(5) UNSIGNED NOT NULL AUTO_INCREMENT, AUTO_INCREMENT=10;

--
-- AUTO_INCREMENT for table `question`
--
ALTER TABLE `question`
  MODIFY `ques_id` smallint(5) UNSIGNED NOT NULL AUTO_INCREMENT, AUTO_INCREMENT=151;

--
-- AUTO_INCREMENT for table `testing`
--
ALTER TABLE `testing`
  MODIFY `test_id` smallint(5) UNSIGNED NOT NULL AUTO_INCREMENT, AUTO_INCREMENT=32;

--
-- Constraints for dumped tables
--

--
-- Constraints for table `choice`
--
ALTER TABLE `choice`
  ADD CONSTRAINT `choice_ibfk_1` FOREIGN KEY (`ques_id`) REFERENCES `question` (`ques_id`) ON DELETE NO ACTION ON UPDATE NO ACTION;

--
-- Constraints for table `enrollment`
--
ALTER TABLE `enrollment`
  ADD CONSTRAINT `enrollment_ibfk_1` FOREIGN KEY (`std_id`) REFERENCES `student` (`std_id`) ON DELETE NO ACTION ON UPDATE NO ACTION,
  ADD CONSTRAINT `enrollment_ibfk_2` FOREIGN KEY (`group_id`) REFERENCES `lec_group` (`gr_id`) ON DELETE NO ACTION ON UPDATE NO ACTION;

--
-- Constraints for table `lec_group`
--
ALTER TABLE `lec_group`
  ADD CONSTRAINT `lec_group_ibfk_1` FOREIGN KEY (`lec_id`) REFERENCES `lecturer` (`lec_id`) ON DELETE NO ACTION ON UPDATE NO ACTION,
  ADD CONSTRAINT `lec_group_ibfk_2` FOREIGN KEY (`sub_id`) REFERENCES `subject` (`sub_id`) ON DELETE NO ACTION ON UPDATE NO ACTION;

--
-- Constraints for table `lesson`
--
ALTER TABLE `lesson`
  ADD CONSTRAINT `lesson_ibfk_1` FOREIGN KEY (`sub_id`) REFERENCES `subject` (`sub_id`) ON DELETE NO ACTION ON UPDATE NO ACTION;

--
-- Constraints for table `manage_status`
--
ALTER TABLE `manage_status`
  ADD CONSTRAINT `manage_status_ibfk_1` FOREIGN KEY (`lec_id`) REFERENCES `lecturer` (`lec_id`) ON DELETE NO ACTION ON UPDATE NO ACTION,
  ADD CONSTRAINT `manage_status_ibfk_2` FOREIGN KEY (`sub_id`) REFERENCES `subject` (`sub_id`) ON DELETE NO ACTION ON UPDATE NO ACTION;

--
-- Constraints for table `question`
--
ALTER TABLE `question`
  ADD CONSTRAINT `question_ibfk_1` FOREIGN KEY (`les_id`) REFERENCES `lesson` (`les_id`) ON DELETE NO ACTION ON UPDATE NO ACTION;

--
-- Constraints for table `std_ques`
--
ALTER TABLE `std_ques`
  ADD CONSTRAINT `std_ques_ibfk_3` FOREIGN KEY (`ques_id`) REFERENCES `question` (`ques_id`) ON DELETE NO ACTION ON UPDATE NO ACTION,
  ADD CONSTRAINT `std_ques_ibfk_1` FOREIGN KEY (`test_id`) REFERENCES `testing` (`test_id`) ON DELETE NO ACTION ON UPDATE NO ACTION,
  ADD CONSTRAINT `std_ques_ibfk_2` FOREIGN KEY (`std_id`) REFERENCES `student` (`std_id`) ON DELETE NO ACTION ON UPDATE NO ACTION,
  ADD CONSTRAINT `std_ques_ibfk_4` FOREIGN KEY (`choice_id`) REFERENCES `choice` (`choice_id`) ON DELETE NO ACTION ON UPDATE NO ACTION;

--
-- Constraints for table `take_exam`
--
ALTER TABLE `take_exam`
  ADD CONSTRAINT `take_exam_ibfk_3` FOREIGN KEY (`test_id`) REFERENCES `testing` (`test_id`) ON DELETE NO ACTION ON UPDATE NO ACTION,
  ADD CONSTRAINT `take_exam_ibfk_1` FOREIGN KEY (`std_id`) REFERENCES `student` (`std_id`) ON DELETE NO ACTION ON UPDATE NO ACTION,
  ADD CONSTRAINT `take_exam_ibfk_2` FOREIGN KEY (`group_id`) REFERENCES `lec_group` (`gr_id`) ON DELETE NO ACTION ON UPDATE NO ACTION;

--
-- Constraints for table `tb_datetest`
--
ALTER TABLE `tb_datetest`
  ADD CONSTRAINT `tb_datetest_ibfk_1` FOREIGN KEY (`test_id`) REFERENCES `testing` (`test_id`) ON DELETE NO ACTION ON UPDATE NO ACTION,
  ADD CONSTRAINT `tb_datetest_ibfk_2` FOREIGN KEY (`group_id`) REFERENCES `lec_group` (`gr_id`) ON DELETE NO ACTION ON UPDATE NO ACTION;

--
-- Constraints for table `testing`
--
ALTER TABLE `testing`
  ADD CONSTRAINT `testing_ibfk_1` FOREIGN KEY (`sub_id`) REFERENCES `subject` (`sub_id`) ON DELETE NO ACTION ON UPDATE NO ACTION;

--
-- Constraints for table `test_ques`
--
ALTER TABLE `test_ques`
  ADD CONSTRAINT `test_ques_ibfk_2` FOREIGN KEY (`ques_id`) REFERENCES `question` (`ques_id`) ON DELETE NO ACTION ON UPDATE NO ACTION,
  ADD CONSTRAINT `test_ques_ibfk_1` FOREIGN KEY (`test_id`) REFERENCES `testing` (`test_id`) ON DELETE NO ACTION ON UPDATE NO ACTION;
COMMIT;

/*!40101 SET CHARACTER_SET_CLIENT=@OLD_CHARACTER_SET_CLIENT */;
/*!40101 SET CHARACTER_SET_RESULTS=@OLD_CHARACTER_SET_RESULTS */;
/*!40101 SET COLLATION_CONNECTION=@OLD_COLLATION_CONNECTION */;
